entry_id,date,user,account,amount,memo,source
JE100000,2024-01-01 09:00:00,JDOE,3000-AR,-9.65,Reclass,SYSTEM
JE100001,2024-01-01 09:00:00,AKHAN,4000-Revenue,11.35,Write-off,SYSTEM
JE100002,2024-01-01 09:00:00,AR_CLERK,4000-Revenue,-34.12,Reclass,SYSTEM
JE100003,2024-01-01 09:00:00,MALI,4000-Revenue,-1.83,payment,UPLOAD
JE100004,2024-01-01 09:00:00,AR_CLERK,3000-AR,-15.23,Adjustment,MANUAL
JE100005,2024-01-01 09:01:00,AP_CLERK,3000-AR,3300.0,payment,MANUAL
JE100006,2024-01-01 09:01:00,MALI,6000-Expense,27767.13,adjustment,MANUAL
JE100007,2024-01-01 09:01:00,AP_CLERK,6000-Expense,-24.55,Invoice,MANUAL
JE100008,2024-01-01 09:01:00,AR_CLERK,6000-Expense,-41875.06,Invoice,MANUAL
JE100009,2024-01-01 09:01:00,JDOE,2000-AP,27.17,receipt,SYSTEM
JE100010,2024-01-01 09:01:00,AKHAN,4000-Revenue,-22.4,Reclass,MANUAL
JE100011,2024-01-01 09:01:00,AP_CLERK,5000-COGS,-28.28,write-off,MANUAL
JE100012,2024-01-01 09:01:00,SYS_BOT,3000-AR,14.63,adjustment,SYSTEM
JE100013,2024-01-01 09:01:00,JDOE,4000-Revenue,-16.78,Top-side,UPLOAD
JE100014,2024-01-01 09:02:00,JDOE,6000-Expense,37501.59,Accrual,SYSTEM
JE100015,2024-01-01 09:02:00,AKHAN,5000-COGS,-52.53,Misc,SYSTEM
JE100016,2024-01-01 09:02:00,AP_CLERK,5000-COGS,-43.29,Manual override,SYSTEM
JE100017,2024-01-01 09:02:00,AKHAN,1000-Cash,-6.52,manual override,SYSTEM
JE100018,2024-01-01 09:03:00,AKHAN,1000-Cash,2500.0,Write-off,SYSTEM
JE100019,2024-01-01 09:03:00,MALI,5000-COGS,14.46,Invoice,SYSTEM
JE100020,2024-01-01 09:03:00,AKHAN,4000-Revenue,10000.0,Top-side,MANUAL
JE100021,2024-01-01 09:03:00,JDOE,2000-AP,-3600.0,write-off,MANUAL
JE100022,2024-01-01 09:03:00,AR_CLERK,1000-Cash,-23687.37,Payment,SYSTEM
JE100023,2024-01-01 09:03:00,AKHAN,2000-AP,23.78,manual override,SYSTEM
JE100024,2024-01-01 09:05:00,AP_CLERK,4000-Revenue,58.01,reclass,MANUAL
JE100025,2024-01-01 09:05:00,JDOE,3000-AR,26.47,receipt,SYSTEM
JE100026,2024-01-01 09:05:00,AKHAN,4000-Revenue,-10.67,manual override,SYSTEM
JE100027,2024-01-01 09:05:00,AKHAN,2000-AP,-140.96,Accrual,MANUAL
JE100028,2024-01-01 09:05:00,SYS_BOT,4000-Revenue,16000.0,write-off,SYSTEM
JE100029,2024-01-01 09:05:00,AP_CLERK,2000-AP,17.96,Invoice,SYSTEM
JE100030,2024-01-01 09:06:00,MALI,6000-Expense,-24658.1,Invoice,SYSTEM
JE100031,2024-01-01 09:06:00,AKHAN,2000-AP,-14.23,reclass,UPLOAD
JE100032,2024-01-01 09:06:00,SYS_BOT,1000-Cash,9790.12,adjustment,SYSTEM
JE100033,2024-01-01 09:07:00,AR_CLERK,6000-Expense,-22993.55,Write-off,MANUAL
JE100034,2024-01-01 09:07:00,AKHAN,3000-AR,-16.4,Reclass,MANUAL
JE100035,2024-01-01 09:07:00,AKHAN,3000-AR,22.29,write-off,MANUAL
JE100036,2024-01-06 23:55:00,AR_CLERK,2000-AP,27.38,Payment,SYSTEM
JE100037,2024-01-01 09:07:00,SYS_BOT,2000-AP,-47.73,Accrual,SYSTEM
JE100038,2024-01-01 09:08:00,AP_CLERK,3000-AR,-39114.41,Misc,UPLOAD
JE100039,2024-01-01 09:08:00,SYS_BOT,3000-AR,12468.17,Top-side,SYSTEM
JE100040,2024-01-01 09:08:00,SYS_BOT,4000-Revenue,39.2,accrual,MANUAL
JE100041,2024-01-01 09:09:00,SYS_BOT,2000-AP,64.02,misc,SYSTEM
JE100042,2024-01-01 09:09:00,JDOE,3000-AR,37364.47,Accrual,SYSTEM
JE100043,2024-01-01 09:09:00,JDOE,1000-Cash,-62.0,Adjustment,SYSTEM
JE100044,2024-01-01 09:09:00,AR_CLERK,4000-Revenue,-4700.0,Manual override,SYSTEM
JE100045,2024-01-01 09:09:00,MALI,4000-Revenue,23.49,adjustment,MANUAL
JE100046,2024-01-01 09:09:00,SYS_BOT,6000-Expense,-28.55,reclass,SYSTEM
JE100047,2024-01-01 09:10:00,SYS_BOT,5000-COGS,-41.18,top-side,MANUAL
JE100048,2024-01-01 09:10:00,JDOE,1000-Cash,45162.03,misc,MANUAL
JE100049,2024-01-01 09:10:00,AR_CLERK,3000-AR,-14.31,Receipt,SYSTEM
JE100050,2024-01-01 09:10:00,SYS_BOT,5000-COGS,25.43,Reclass,SYSTEM
JE100051,2024-01-01 09:10:00,MALI,5000-COGS,-24.25,Adjustment,SYSTEM
JE100052,2024-01-01 09:11:00,JDOE,1000-Cash,-48217.77,Accrual,SYSTEM
JE100053,2024-01-01 09:11:00,JDOE,1000-Cash,-1.37,Reclass,SYSTEM
JE100054,2024-01-01 09:11:00,AP_CLERK,4000-Revenue,-18.75,Misc,UPLOAD
JE100055,2024-01-01 09:11:00,JDOE,3000-AR,36.75,Receipt,SYSTEM
JE100056,2024-01-01 09:11:00,SYS_BOT,2000-AP,26.28,Manual override,SYSTEM
JE100057,2024-01-01 09:11:00,AP_CLERK,2000-AP,2300.0,misc,SYSTEM
JE100058,2024-01-01 09:12:00,JDOE,3000-AR,-10.39,Reclass,SYSTEM
JE100059,2024-01-01 09:12:00,JDOE,5000-COGS,27.23,Manual override,SYSTEM
JE100060,2024-01-01 09:12:00,AR_CLERK,2000-AP,-21.41,Manual override,SYSTEM
JE100061,2024-01-01 09:12:00,SYS_BOT,6000-Expense,8.99,Invoice,MANUAL
JE100062,2024-01-01 09:12:00,AP_CLERK,6000-Expense,-33.83,Misc,MANUAL
JE100063,2024-01-01 09:12:00,MALI,2000-AP,1600.0,top-side,UPLOAD
JE100064,2024-01-01 09:12:00,MALI,6000-Expense,15.54,misc,MANUAL
JE100065,2024-01-01 09:13:00,AKHAN,1000-Cash,16.08,Misc,SYSTEM
JE100066,2024-01-01 09:13:00,SYS_BOT,3000-AR,6106.7,Top-side,SYSTEM
JE100067,2024-01-01 09:13:00,SYS_BOT,1000-Cash,2200.0,payment,UPLOAD
JE100068,2024-01-01 09:13:00,AP_CLERK,3000-AR,-19000.0,reclass,MANUAL
JE100069,2024-01-01 09:13:00,AKHAN,3000-AR,12.59,Adjustment,MANUAL
JE100070,2024-01-01 09:13:00,AP_CLERK,5000-COGS,-4700.0,Manual override,SYSTEM
JE100071,2024-01-01 09:14:00,AP_CLERK,6000-Expense,-9000.0,Adjustment,SYSTEM
JE100072,2024-01-01 09:14:00,AP_CLERK,3000-AR,45614.76,write-off,SYSTEM
JE100073,2024-01-01 09:14:00,AKHAN,3000-AR,1000.0,Manual override,SYSTEM
JE100074,2024-01-01 09:14:00,AR_CLERK,6000-Expense,8.19,Receipt,MANUAL
JE100075,2024-01-01 09:14:00,MALI,2000-AP,16.38,receipt,SYSTEM
JE100076,2024-01-01 09:14:00,SYS_BOT,4000-Revenue,-11000.0,write-off,MANUAL
JE100077,2024-01-06 23:29:00,SYS_BOT,4000-Revenue,28388.76,Top-side,SYSTEM
JE100078,2024-01-01 09:15:00,AKHAN,4000-Revenue,-15.08,Write-off,SYSTEM
JE100079,2024-01-01 09:15:00,SYS_BOT,2000-AP,38146.16,Adjustment,SYSTEM
JE100080,2024-01-01 09:15:00,JDOE,3000-AR,-56.82,Adjustment,SYSTEM
JE100081,2024-01-01 09:15:00,JDOE,2000-AP,-36662.02,Write-off,SYSTEM
JE100082,2024-01-01 09:16:00,AP_CLERK,5000-COGS,-62.5,Reclass,SYSTEM
JE100083,2024-01-01 09:16:00,AP_CLERK,5000-COGS,-9000.0,Misc,SYSTEM
JE100084,2024-01-01 09:16:00,AKHAN,6000-Expense,-32.39,Payment,SYSTEM
JE100085,2024-01-01 09:16:00,SYS_BOT,3000-AR,-31435.26,Adjustment,SYSTEM
JE100086,2024-01-01 09:16:00,MALI,1000-Cash,37.83,Receipt,SYSTEM
JE100087,2024-01-01 09:16:00,SYS_BOT,6000-Expense,-8.84,Payment,SYSTEM
JE100088,2024-01-01 09:16:00,SYS_BOT,2000-AP,40.47,Accrual,UPLOAD
JE100089,2024-01-01 09:17:00,JDOE,2000-AP,68.13,Adjustment,MANUAL
JE100090,2024-01-01 09:17:00,SYS_BOT,1000-Cash,26.1,Adjustment,MANUAL
JE100091,2024-01-01 09:17:00,MALI,3000-AR,-34.2,Write-off,SYSTEM
JE100092,2024-01-01 09:17:00,AR_CLERK,5000-COGS,48.86,misc,UPLOAD
JE100093,2024-01-01 09:17:00,SYS_BOT,6000-Expense,-9.47,Misc,MANUAL
JE100094,2024-01-01 09:17:00,SYS_BOT,4000-Revenue,-6000.0,Accrual,SYSTEM
JE100095,2024-01-01 09:18:00,AR_CLERK,1000-Cash,37.76,Top-side,SYSTEM
JE100096,2024-01-01 09:18:00,MALI,6000-Expense,4.32,Write-off,SYSTEM
JE100097,2024-01-01 09:18:00,AP_CLERK,1000-Cash,-40590.98,Misc,SYSTEM
JE100098,2024-01-01 09:19:00,AR_CLERK,2000-AP,-3700.0,Invoice,SYSTEM
JE100099,2024-01-01 09:19:00,JDOE,2000-AP,37.2,Accrual,UPLOAD
JE100100,2024-01-01 09:19:00,JDOE,6000-Expense,19000.0,Adjustment,SYSTEM
JE100101,2024-01-01 09:19:00,AKHAN,3000-AR,11000.0,Manual override,SYSTEM
JE100102,2024-01-01 09:19:00,AP_CLERK,6000-Expense,28.64,receipt,SYSTEM
JE100103,2024-01-01 09:20:00,AP_CLERK,4000-Revenue,-22.82,Misc,MANUAL
JE100104,2024-01-06 02:04:00,MALI,4000-Revenue,-45.15,Invoice,SYSTEM
JE100105,2024-01-01 09:21:00,MALI,5000-COGS,70.5,Invoice,SYSTEM
JE100106,2024-01-01 09:21:00,AR_CLERK,2000-AP,21701.64,accrual,SYSTEM
JE100107,2024-01-01 09:21:00,MALI,2000-AP,-8.45,Top-side,SYSTEM
JE100108,2024-01-01 09:22:00,SYS_BOT,6000-Expense,20.35,Manual override,SYSTEM
JE100109,2024-01-01 09:22:00,AKHAN,4000-Revenue,22.94,invoice,MANUAL
JE100110,2024-01-01 09:22:00,MALI,3000-AR,-35.87,Reclass,MANUAL
JE100111,2024-01-01 09:22:00,JDOE,4000-Revenue,-47062.14,Payment,UPLOAD
JE100112,2024-01-01 09:23:00,JDOE,5000-COGS,21.77,Misc,SYSTEM
JE100113,2024-01-01 09:23:00,SYS_BOT,5000-COGS,-26.09,Adjustment,MANUAL
JE100114,2024-01-01 09:23:00,AKHAN,4000-Revenue,-5.57,Adjustment,MANUAL
JE100115,2024-01-01 09:23:00,JDOE,4000-Revenue,-33487.16,manual override,SYSTEM
JE100116,2024-01-01 09:24:00,JDOE,2000-AP,40558.16,Accrual,UPLOAD
JE100117,2024-01-01 09:24:00,JDOE,4000-Revenue,-20.52,Write-off,MANUAL
JE100118,2024-01-01 09:25:00,SYS_BOT,6000-Expense,31245.27,Top-side,SYSTEM
JE100119,2024-01-01 09:25:00,AKHAN,6000-Expense,-42616.69,payment,UPLOAD
JE100120,2024-01-01 09:25:00,AR_CLERK,1000-Cash,-48.53,Reclass,SYSTEM
JE100121,2024-01-01 09:25:00,JDOE,2000-AP,1200.0,Top-side,SYSTEM
JE100122,2024-01-01 09:25:00,SYS_BOT,2000-AP,-49.03,Misc,SYSTEM
JE100123,2024-01-01 09:26:00,JDOE,3000-AR,-10000.0,Accrual,SYSTEM
JE100124,2024-01-01 09:26:00,AP_CLERK,3000-AR,20406.08,invoice,MANUAL
JE100125,2024-01-01 09:26:00,AKHAN,3000-AR,-1900.0,Write-off,SYSTEM
JE100126,2024-01-01 09:26:00,SYS_BOT,4000-Revenue,6.6,Misc,MANUAL
JE100127,2024-01-01 09:26:00,SYS_BOT,2000-AP,3600.0,Adjustment,SYSTEM
JE100128,2024-01-01 09:27:00,AP_CLERK,5000-COGS,-29.98,Top-side,SYSTEM
JE100129,2024-01-01 09:27:00,AR_CLERK,1000-Cash,20.51,Reclass,SYSTEM
JE100130,2024-01-01 09:27:00,MALI,6000-Expense,-111.44,Receipt,SYSTEM
JE100131,2024-01-01 09:27:00,SYS_BOT,2000-AP,-14.71,Reclass,SYSTEM
JE100132,2024-01-01 09:27:00,AR_CLERK,6000-Expense,25.54,misc,MANUAL
JE100133,2024-01-01 09:27:00,SYS_BOT,5000-COGS,45969.57,adjustment,MANUAL
JE100134,2024-01-01 09:28:00,AP_CLERK,6000-Expense,-2.87,Reclass,SYSTEM
JE100135,2024-01-01 09:28:00,AP_CLERK,3000-AR,26.88,Accrual,SYSTEM
JE100136,2024-01-01 09:29:00,SYS_BOT,3000-AR,19.95,Write-off,SYSTEM
JE100137,2024-01-01 09:29:00,AR_CLERK,4000-Revenue,18.07,Top-side,MANUAL
JE100138,2024-01-01 09:29:00,AP_CLERK,2000-AP,39.18,Payment,MANUAL
JE100139,2024-01-01 09:29:00,AP_CLERK,3000-AR,42814.32,Receipt,UPLOAD
JE100140,2024-01-01 09:29:00,JDOE,4000-Revenue,-3500.0,Reclass,SYSTEM
JE100141,2024-01-01 09:30:00,AP_CLERK,2000-AP,30.67,Misc,MANUAL
JE100142,2024-01-06 00:25:00,MALI,6000-Expense,-400.0,Reclass,MANUAL
JE100143,2024-01-01 09:30:00,AP_CLERK,3000-AR,-19.49,misc,SYSTEM
JE100144,2024-01-01 09:30:00,MALI,4000-Revenue,-18.51,Adjustment,SYSTEM
JE100145,2024-01-01 09:30:00,SYS_BOT,5000-COGS,34901.95,manual override,MANUAL
JE100146,2024-01-01 09:31:00,MALI,6000-Expense,-31.27,Write-off,MANUAL
JE100147,2024-01-01 09:31:00,SYS_BOT,2000-AP,-28.02,Misc,MANUAL
JE100148,2024-01-01 09:31:00,SYS_BOT,2000-AP,-29.92,Top-side,UPLOAD
JE100149,2024-01-01 09:31:00,SYS_BOT,2000-AP,4900.0,manual override,SYSTEM
JE100150,2024-01-01 09:31:00,JDOE,6000-Expense,-44.31,Payment,SYSTEM
JE100151,2024-01-01 09:32:00,AP_CLERK,3000-AR,-41.54,Payment,SYSTEM
JE100152,2024-01-01 09:32:00,AP_CLERK,5000-COGS,-9.41,Adjustment,MANUAL
JE100153,2024-01-01 09:32:00,JDOE,2000-AP,76.27,Accrual,SYSTEM
JE100154,2024-01-01 09:32:00,SYS_BOT,6000-Expense,25315.39,reclass,SYSTEM
JE100155,2024-01-01 09:32:00,AR_CLERK,2000-AP,15.93,receipt,MANUAL
JE100156,2024-01-01 09:33:00,AR_CLERK,5000-COGS,-4100.0,Accrual,MANUAL
JE100157,2024-01-01 09:33:00,SYS_BOT,1000-Cash,12.61,top-side,SYSTEM
JE100158,2024-01-01 09:33:00,MALI,6000-Expense,1700.0,Write-off,SYSTEM
JE100159,2024-01-01 09:33:00,AP_CLERK,3000-AR,40024.17,Payment,MANUAL
JE100160,2024-01-01 09:33:00,AP_CLERK,4000-Revenue,31966.96,Receipt,SYSTEM
JE100161,2024-01-01 09:33:00,JDOE,4000-Revenue,14265.8,Payment,UPLOAD
JE100162,2024-01-06 23:57:00,AKHAN,2000-AP,-26.08,Reclass,SYSTEM
JE100163,2024-01-01 09:34:00,AP_CLERK,3000-AR,10.93,Adjustment,SYSTEM
JE100164,2024-01-01 09:34:00,SYS_BOT,1000-Cash,-40.13,Reclass,SYSTEM
JE100165,2024-01-01 09:34:00,MALI,5000-COGS,-59.8,Invoice,SYSTEM
JE100166,2024-01-01 09:34:00,AR_CLERK,3000-AR,1500.0,misc,SYSTEM
JE100167,2024-01-01 09:34:00,AR_CLERK,2000-AP,10.56,Manual override,MANUAL
JE100168,2024-01-01 09:35:00,AR_CLERK,3000-AR,-21.33,misc,UPLOAD
JE100169,2024-01-01 09:35:00,AKHAN,3000-AR,-44.79,Payment,SYSTEM
JE100170,2024-01-01 09:35:00,AR_CLERK,2000-AP,-11.93,top-side,SYSTEM
JE100171,2024-01-01 09:35:00,AKHAN,3000-AR,-6.72,Adjustment,SYSTEM
JE100172,2024-01-06 23:21:00,AR_CLERK,5000-COGS,104.67,Accrual,SYSTEM
JE100173,2024-01-01 09:36:00,SYS_BOT,4000-Revenue,-46.28,invoice,SYSTEM
JE100174,2024-01-01 09:36:00,AR_CLERK,7000-Suspense,24.91,invoice,MANUAL
JE100175,2024-01-01 09:36:00,AKHAN,5000-COGS,13.37,Write-off,SYSTEM
JE100176,2024-01-01 09:36:00,AR_CLERK,6000-Expense,51.75,adjustment,MANUAL
JE100177,2024-01-01 09:37:00,AR_CLERK,2000-AP,-30.02,Misc,SYSTEM
JE100178,2024-01-01 09:37:00,SYS_BOT,4000-Revenue,-10.09,Manual override,SYSTEM
JE100179,2024-01-01 09:37:00,JDOE,2000-AP,-20.04,Accrual,UPLOAD
JE100180,2024-01-01 09:38:00,AR_CLERK,2000-AP,56.94,Misc,MANUAL
JE100181,2024-01-01 09:38:00,AP_CLERK,3000-AR,1900.0,payment,MANUAL
JE100182,2024-01-01 09:38:00,AP_CLERK,4000-Revenue,-6.48,Top-side,SYSTEM
JE100183,2024-01-01 09:38:00,AR_CLERK,3000-AR,15.35,Reclass,SYSTEM
JE100184,2024-01-01 09:38:00,AP_CLERK,3000-AR,43.26,Invoice,SYSTEM
JE100185,2024-01-01 09:38:00,AP_CLERK,3000-AR,-19.98,Manual override,SYSTEM
JE100186,2024-01-01 09:38:00,AR_CLERK,7000-Suspense,23547.07,payment,MANUAL
JE100187,2024-01-01 09:38:00,SYS_BOT,3000-AR,-31.94,Receipt,MANUAL
JE100188,2024-01-01 09:39:00,AP_CLERK,6000-Expense,-23.78,misc,SYSTEM
JE100189,2024-01-01 09:39:00,AR_CLERK,7000-Suspense,-6.1,manual override,SYSTEM
JE100190,2024-01-01 09:39:00,MALI,4000-Revenue,43838.56,Adjustment,SYSTEM
JE100191,2024-01-01 09:39:00,AR_CLERK,6000-Expense,57.61,Payment,MANUAL
JE100192,2024-01-06 01:38:00,AR_CLERK,7000-Suspense,16.58,Misc,SYSTEM
JE100193,2024-01-01 09:40:00,MALI,6000-Expense,-21.62,Accrual,MANUAL
JE100194,2024-01-01 09:40:00,AKHAN,5000-COGS,43.33,Invoice,UPLOAD
JE100195,2024-01-01 09:40:00,JDOE,2000-AP,-60.07,Top-side,SYSTEM
JE100196,2024-01-01 09:40:00,JDOE,2000-AP,46.67,Receipt,MANUAL
JE100197,2024-01-01 09:40:00,JDOE,1000-Cash,20536.48,Reclass,UPLOAD
JE100198,2024-01-01 09:41:00,SYS_BOT,2000-AP,17.86,manual override,SYSTEM
JE100199,2024-01-01 09:41:00,SYS_BOT,4000-Revenue,18.36,Receipt,SYSTEM
JE100200,2024-01-01 09:41:00,SYS_BOT,3000-AR,31.67,accrual,UPLOAD
JE100201,2024-01-01 09:41:00,SYS_BOT,5000-COGS,9000.0,misc,SYSTEM
JE100202,2024-01-01 09:41:00,JDOE,3000-AR,46798.57,Top-side,SYSTEM
JE100203,2024-01-01 09:42:00,JDOE,4000-Revenue,-11.74,Invoice,MANUAL
JE100204,2024-01-06 02:21:00,SYS_BOT,3000-AR,13.16,manual override,SYSTEM
JE100205,2024-01-01 09:42:00,AKHAN,2000-AP,10.46,Invoice,SYSTEM
JE100206,2024-01-01 09:42:00,AR_CLERK,5000-COGS,-21.57,Accrual,SYSTEM
JE100207,2024-01-01 09:42:00,AR_CLERK,3000-AR,-30602.51,reclass,MANUAL
JE100208,2024-01-01 09:42:00,SYS_BOT,4000-Revenue,49.35,Invoice,SYSTEM
JE100209,2024-01-06 02:27:00,AKHAN,2000-AP,73.75,Top-side,SYSTEM
JE100210,2024-01-01 09:42:00,SYS_BOT,4000-Revenue,21.87,write-off,UPLOAD
JE100211,2024-01-01 09:43:00,AP_CLERK,2000-AP,-11000.0,Top-side,SYSTEM
JE100212,2024-01-01 09:43:00,AR_CLERK,1000-Cash,75.82,Write-off,MANUAL
JE100213,2024-01-01 09:43:00,AR_CLERK,4000-Revenue,-27.69,Write-off,SYSTEM
JE100214,2024-01-01 09:43:00,AR_CLERK,4000-Revenue,-200.0,Invoice,SYSTEM
JE100215,2024-01-01 09:44:00,MALI,4000-Revenue,27.28,top-side,MANUAL
JE100216,2024-01-01 09:44:00,SYS_BOT,1000-Cash,5000.0,Adjustment,SYSTEM
JE100217,2024-01-01 09:44:00,JDOE,5000-COGS,500.0,Payment,UPLOAD
JE100218,2024-01-01 09:45:00,AR_CLERK,1000-Cash,-10.49,Invoice,UPLOAD
JE100219,2024-01-01 09:45:00,AKHAN,6000-Expense,14.51,Adjustment,SYSTEM
JE100220,2024-01-01 09:45:00,JDOE,6000-Expense,-20.14,Accrual,SYSTEM
JE100221,2024-01-06 01:46:00,AKHAN,6000-Expense,101.59,Receipt,SYSTEM
JE100222,2024-01-01 09:47:00,MALI,3000-AR,2500.0,Misc,MANUAL
JE100223,2024-01-01 09:47:00,AKHAN,4000-Revenue,-30.72,payment,MANUAL
JE100224,2024-01-01 09:47:00,SYS_BOT,7000-Suspense,-41962.23,accrual,SYSTEM
JE100225,2024-01-01 09:47:00,AR_CLERK,5000-COGS,-27.54,write-off,SYSTEM
JE100226,2024-01-01 09:48:00,AKHAN,5000-COGS,-17582.48,Invoice,MANUAL
JE100227,2024-01-01 09:48:00,AKHAN,1000-Cash,-30329.29,Write-off,MANUAL
JE100228,2024-01-01 09:48:00,MALI,1000-Cash,19.25,write-off,SYSTEM
JE100229,2024-01-01 09:49:00,AR_CLERK,4000-Revenue,50.11,write-off,MANUAL
JE100230,2024-01-06 02:55:00,SYS_BOT,4000-Revenue,49668.81,Payment,SYSTEM
JE100231,2024-01-01 09:49:00,AKHAN,4000-Revenue,-31.61,Top-side,SYSTEM
JE100232,2024-01-01 09:49:00,AP_CLERK,2000-AP,-26.72,adjustment,MANUAL
JE100233,2024-01-01 09:49:00,JDOE,3000-AR,17.61,Misc,MANUAL
JE100234,2024-01-01 09:50:00,SYS_BOT,6000-Expense,25.17,accrual,SYSTEM
JE100235,2024-01-01 09:51:00,AP_CLERK,3000-AR,19.38,Manual override,MANUAL
JE100236,2024-01-01 09:51:00,JDOE,6000-Expense,10040.71,invoice,SYSTEM
JE100237,2024-01-01 09:51:00,SYS_BOT,2000-AP,-31391.92,Invoice,SYSTEM
JE100238,2024-01-01 09:51:00,AP_CLERK,4000-Revenue,73.16,Top-side,SYSTEM
JE100239,2024-01-01 09:52:00,SYS_BOT,4000-Revenue,-4100.0,Invoice,SYSTEM
JE100240,2024-01-01 09:52:00,MALI,5000-COGS,-16.81,Invoice,MANUAL
JE100241,2024-01-01 09:52:00,AKHAN,6000-Expense,18.41,payment,SYSTEM
JE100242,2024-01-01 09:53:00,JDOE,5000-COGS,-23.63,Receipt,MANUAL
JE100243,2024-01-01 09:53:00,AR_CLERK,6000-Expense,-1500.0,Adjustment,MANUAL
JE100244,2024-01-01 09:54:00,MALI,1000-Cash,-26106.27,Misc,SYSTEM
JE100245,2024-01-01 09:54:00,AP_CLERK,1000-Cash,-26.69,Adjustment,UPLOAD
JE100246,2024-01-01 09:54:00,JDOE,2000-AP,49670.09,Manual override,MANUAL
JE100247,2024-01-01 09:54:00,SYS_BOT,2000-AP,20.04,Top-side,SYSTEM
JE100248,2024-01-01 09:54:00,JDOE,5000-COGS,28.96,Misc,UPLOAD
JE100249,2024-01-01 09:55:00,SYS_BOT,4000-Revenue,-41530.85,Receipt,UPLOAD
JE100250,2024-01-01 09:55:00,SYS_BOT,5000-COGS,-2400.0,accrual,SYSTEM
JE100251,2024-01-01 09:55:00,MALI,4000-Revenue,-20.17,reclass,MANUAL
JE100252,2024-01-01 09:55:00,AP_CLERK,4000-Revenue,-7.79,Misc,MANUAL
JE100253,2024-01-01 09:55:00,MALI,2000-AP,-32.24,Write-off,UPLOAD
JE100254,2024-01-01 09:56:00,JDOE,6000-Expense,35.38,invoice,UPLOAD
JE100255,2024-01-01 09:56:00,JDOE,5000-COGS,2000.0,Invoice,MANUAL
JE100256,2024-01-01 09:56:00,JDOE,5000-COGS,-20.43,Misc,MANUAL
JE100257,2024-01-01 09:57:00,MALI,6000-Expense,700.0,Write-off,SYSTEM
JE100258,2024-01-01 09:57:00,AP_CLERK,3000-AR,32.28,Invoice,UPLOAD
JE100259,2024-01-01 09:57:00,MALI,3000-AR,16.88,Write-off,MANUAL
JE100260,2024-01-01 09:57:00,AP_CLERK,4000-Revenue,9.06,Reclass,SYSTEM
JE100261,2024-01-01 09:58:00,SYS_BOT,3000-AR,-12.59,Reclass,MANUAL
JE100262,2024-01-06 03:08:00,MALI,4000-Revenue,-4800.0,Reclass,UPLOAD
JE100263,2024-01-01 09:58:00,SYS_BOT,4000-Revenue,67.37,Invoice,SYSTEM
JE100264,2024-01-01 09:58:00,AR_CLERK,4000-Revenue,-13.42,Misc,SYSTEM
JE100265,2024-01-01 09:59:00,AKHAN,2000-AP,-66.54,payment,SYSTEM
JE100266,2024-01-01 09:59:00,AP_CLERK,5000-COGS,-3600.0,Manual override,MANUAL
JE100267,2024-01-01 10:00:00,AKHAN,1000-Cash,34.57,Manual override,SYSTEM
JE100268,2024-01-06 00:06:00,JDOE,2000-AP,-22.87,Manual override,SYSTEM
JE100269,2024-01-06 03:05:00,JDOE,3000-AR,57.34,Misc,MANUAL
JE100270,2024-01-01 10:00:00,SYS_BOT,6000-Expense,-25.12,Top-side,SYSTEM
JE100271,2024-01-01 10:00:00,JDOE,2000-AP,16.88,Manual override,MANUAL
JE100272,2024-01-01 10:01:00,AKHAN,6000-Expense,-36368.43,misc,SYSTEM
JE100273,2024-01-01 10:01:00,SYS_BOT,4000-Revenue,-47.8,Accrual,MANUAL
JE100274,2024-01-01 10:01:00,MALI,5000-COGS,-39.76,reclass,MANUAL
JE100275,2024-01-01 10:01:00,MALI,3000-AR,-26.01,Accrual,SYSTEM
JE100276,2024-01-01 10:02:00,AP_CLERK,6000-Expense,7.65,adjustment,SYSTEM
JE100277,2024-01-01 10:02:00,MALI,4000-Revenue,1600.0,Payment,SYSTEM
JE100278,2024-01-01 10:02:00,MALI,1000-Cash,-37175.45,Receipt,SYSTEM
JE100279,2024-01-01 10:02:00,SYS_BOT,6000-Expense,14.78,Misc,UPLOAD
JE100280,2024-01-01 10:02:00,AKHAN,4000-Revenue,-14.25,Write-off,MANUAL
JE100281,2024-01-01 10:03:00,MALI,6000-Expense,-5.13,Accrual,SYSTEM
JE100282,2024-01-01 10:03:00,AKHAN,5000-COGS,-24010.67,Manual override,MANUAL
JE100283,2024-01-01 10:03:00,SYS_BOT,6000-Expense,7.42,Top-side,SYSTEM
JE100284,2024-01-01 10:04:00,AR_CLERK,6000-Expense,-6.06,Accrual,SYSTEM
JE100285,2024-01-01 10:04:00,JDOE,5000-COGS,-19028.93,Manual override,MANUAL
JE100286,2024-01-01 10:04:00,AP_CLERK,5000-COGS,-3100.0,Adjustment,SYSTEM
JE100287,2024-01-01 10:04:00,AR_CLERK,1000-Cash,-14053.34,Write-off,UPLOAD
JE100288,2024-01-06 03:01:00,SYS_BOT,5000-COGS,3200.0,Payment,SYSTEM
JE100289,2024-01-01 10:05:00,SYS_BOT,5000-COGS,-12.92,accrual,MANUAL
JE100290,2024-01-01 10:05:00,AP_CLERK,6000-Expense,-18000.0,Top-side,SYSTEM
JE100291,2024-01-01 10:05:00,AR_CLERK,5000-COGS,23.9,write-off,SYSTEM
JE100292,2024-01-01 10:05:00,JDOE,4000-Revenue,1600.0,Invoice,SYSTEM
JE100293,2024-01-01 10:05:00,MALI,5000-COGS,7.22,adjustment,SYSTEM
JE100294,2024-01-01 10:05:00,SYS_BOT,4000-Revenue,9.94,Write-off,SYSTEM
JE100295,2024-01-01 10:06:00,AP_CLERK,4000-Revenue,-2200.0,Payment,SYSTEM
JE100296,2024-01-01 10:06:00,MALI,6000-Expense,30.82,Adjustment,MANUAL
JE100297,2024-01-01 10:06:00,AKHAN,4000-Revenue,1800.0,invoice,UPLOAD
JE100298,2024-01-01 10:06:00,SYS_BOT,2000-AP,-53.56,Write-off,SYSTEM
JE100299,2024-01-01 10:06:00,JDOE,1000-Cash,-44195.94,Adjustment,MANUAL
JE100300,2024-01-01 10:06:00,SYS_BOT,3000-AR,-9.92,adjustment,MANUAL
JE100301,2024-01-01 10:07:00,MALI,3000-AR,51.79,Receipt,MANUAL
JE100302,2024-01-01 10:07:00,AP_CLERK,4000-Revenue,20.78,Invoice,SYSTEM
JE100303,2024-01-01 10:07:00,JDOE,1000-Cash,22525.05,top-side,MANUAL
JE100304,2024-01-01 10:07:00,AR_CLERK,4000-Revenue,10000.0,receipt,SYSTEM
JE100305,2024-01-01 10:08:00,AR_CLERK,6000-Expense,30.49,Write-off,SYSTEM
JE100306,2024-01-01 10:08:00,AP_CLERK,5000-COGS,3400.0,Receipt,SYSTEM
JE100307,2024-01-01 10:08:00,AP_CLERK,5000-COGS,-1200.0,Manual override,UPLOAD
JE100308,2024-01-01 10:08:00,AP_CLERK,4000-Revenue,-28241.37,Invoice,SYSTEM
JE100309,2024-01-01 10:09:00,JDOE,6000-Expense,34.55,Payment,SYSTEM
JE100310,2024-01-01 10:09:00,AR_CLERK,1000-Cash,-51.68,Payment,SYSTEM
JE100311,2024-01-01 10:09:00,JDOE,5000-COGS,-23.97,Accrual,UPLOAD
JE100312,2024-01-01 10:10:00,AR_CLERK,5000-COGS,-98.15,Adjustment,SYSTEM
JE100313,2024-01-01 10:10:00,JDOE,3000-AR,-6000.0,top-side,MANUAL
JE100314,2024-01-01 10:10:00,MALI,4000-Revenue,48.86,top-side,SYSTEM
JE100315,2024-01-01 10:10:00,AR_CLERK,2000-AP,-12877.86,Adjustment,MANUAL
JE100316,2024-01-01 10:11:00,AR_CLERK,1000-Cash,30492.41,misc,SYSTEM
JE100317,2024-01-01 10:11:00,JDOE,3000-AR,27.61,misc,SYSTEM
JE100318,2024-01-01 10:11:00,AR_CLERK,3000-AR,-72.72,Manual override,UPLOAD
JE100319,2024-01-06 00:39:00,AR_CLERK,4000-Revenue,40525.91,Manual override,UPLOAD
JE100320,2024-01-01 10:12:00,AP_CLERK,3000-AR,28.52,Invoice,MANUAL
JE100321,2024-01-01 10:12:00,AR_CLERK,6000-Expense,-32324.25,Write-off,MANUAL
JE100322,2024-01-01 10:12:00,AP_CLERK,2000-AP,27.58,Payment,SYSTEM
JE100323,2024-01-01 10:13:00,JDOE,6000-Expense,33.97,Top-side,SYSTEM
JE100324,2024-01-01 10:13:00,MALI,4000-Revenue,46911.37,Payment,MANUAL
JE100325,2024-01-01 10:13:00,AKHAN,2000-AP,-12.1,Top-side,SYSTEM
JE100326,2024-01-01 10:14:00,AKHAN,6000-Expense,-18.5,adjustment,SYSTEM
JE100327,2024-01-01 10:14:00,AP_CLERK,4000-Revenue,-5.01,Payment,MANUAL
JE100328,2024-01-01 10:15:00,SYS_BOT,1000-Cash,10.89,top-side,SYSTEM
JE100329,2024-01-01 10:15:00,AP_CLERK,6000-Expense,-41590.25,Manual override,MANUAL
JE100330,2024-01-01 10:15:00,JDOE,2000-AP,33.13,invoice,SYSTEM
JE100331,2024-01-01 10:15:00,SYS_BOT,4000-Revenue,-40307.92,Accrual,UPLOAD
JE100332,2024-01-01 10:16:00,SYS_BOT,5000-COGS,-16000.0,Invoice,SYSTEM
JE100333,2024-01-01 10:16:00,MALI,5000-COGS,30.31,Receipt,SYSTEM
JE100334,2024-01-01 10:16:00,AP_CLERK,5000-COGS,-59.35,Receipt,SYSTEM
JE100335,2024-01-01 10:16:00,SYS_BOT,6000-Expense,-6.27,top-side,SYSTEM
JE100336,2024-01-01 10:16:00,AR_CLERK,5000-COGS,25.85,invoice,MANUAL
JE100337,2024-01-01 10:16:00,JDOE,2000-AP,46878.63,Adjustment,SYSTEM
JE100338,2024-01-01 10:17:00,AR_CLERK,4000-Revenue,26.26,Payment,SYSTEM
JE100339,2024-01-01 10:17:00,SYS_BOT,4000-Revenue,23.47,Receipt,MANUAL
JE100340,2024-01-01 10:17:00,AR_CLERK,2000-AP,34.49,receipt,UPLOAD
JE100341,2024-01-01 10:17:00,SYS_BOT,3000-AR,-26.2,Write-off,SYSTEM
JE100342,2024-01-01 10:17:00,AKHAN,5000-COGS,-152.13,Misc,SYSTEM
JE100343,2024-01-01 10:17:00,MALI,3000-AR,-3800.0,Accrual,SYSTEM
JE100344,2024-01-01 10:17:00,SYS_BOT,3000-AR,9000.0,accrual,SYSTEM
JE100345,2024-01-01 10:17:00,JDOE,4000-Revenue,27.87,misc,SYSTEM
JE100346,2024-01-01 10:18:00,AKHAN,4000-Revenue,-32.11,Accrual,MANUAL
JE100347,2024-01-01 10:18:00,JDOE,5000-COGS,-9.05,Invoice,SYSTEM
JE100348,2024-01-01 10:19:00,SYS_BOT,6000-Expense,17.23,Adjustment,SYSTEM
JE100349,2024-01-01 10:19:00,SYS_BOT,3000-AR,21428.83,Top-side,SYSTEM
JE100350,2024-01-01 10:19:00,AR_CLERK,2000-AP,13.6,Manual override,SYSTEM
JE100351,2024-01-01 10:19:00,SYS_BOT,3000-AR,-45.06,Misc,SYSTEM
JE100352,2024-01-01 10:20:00,AKHAN,6000-Expense,-49.56,Manual override,SYSTEM
JE100353,2024-01-01 10:20:00,AR_CLERK,6000-Expense,-10.88,Payment,UPLOAD
JE100354,2024-01-01 10:20:00,AP_CLERK,3000-AR,4900.0,manual override,SYSTEM
JE100355,2024-01-01 10:20:00,AKHAN,6000-Expense,14.35,Reclass,SYSTEM
JE100356,2024-01-01 10:21:00,AP_CLERK,4000-Revenue,19.24,Write-off,SYSTEM
JE100357,2024-01-01 10:21:00,AR_CLERK,6000-Expense,72.1,Write-off,MANUAL
JE100358,2024-01-01 10:21:00,AR_CLERK,4000-Revenue,-38.31,Write-off,SYSTEM
JE100359,2024-01-06 01:44:00,SYS_BOT,6000-Expense,-3000.0,manual override,MANUAL
JE100360,2024-01-01 10:21:00,AKHAN,4000-Revenue,-21.2,Payment,MANUAL
JE100361,2024-01-01 10:21:00,JDOE,3000-AR,9.52,Receipt,SYSTEM
JE100362,2024-01-01 10:21:00,SYS_BOT,6000-Expense,26.66,Accrual,UPLOAD
JE100363,2024-01-01 10:22:00,AR_CLERK,3000-AR,-14.07,accrual,MANUAL
JE100364,2024-01-01 10:22:00,AP_CLERK,5000-COGS,20.92,Invoice,SYSTEM
JE100365,2024-01-01 10:23:00,MALI,4000-Revenue,21.66,Receipt,SYSTEM
JE100366,2024-01-01 10:23:00,JDOE,3000-AR,45.81,Payment,SYSTEM
JE100367,2024-01-01 10:23:00,MALI,4000-Revenue,-37.82,Invoice,SYSTEM
JE100368,2024-01-01 10:23:00,AKHAN,6000-Expense,50.44,Adjustment,UPLOAD
JE100369,2024-01-01 10:23:00,AKHAN,3000-AR,500.0,misc,SYSTEM
JE100370,2024-01-01 10:24:00,AP_CLERK,1000-Cash,-15000.0,adjustment,UPLOAD
JE100371,2024-01-01 10:25:00,AKHAN,6000-Expense,700.0,misc,SYSTEM
JE100372,2024-01-01 10:25:00,AP_CLERK,2000-AP,42146.45,reclass,SYSTEM
JE100373,2024-01-01 10:25:00,AKHAN,2000-AP,-51.14,Invoice,SYSTEM
JE100374,2024-01-01 10:25:00,JDOE,4000-Revenue,41.24,Accrual,UPLOAD
JE100375,2024-01-01 10:25:00,AR_CLERK,5000-COGS,16.48,Manual override,SYSTEM
JE100376,2024-01-06 01:59:00,SYS_BOT,6000-Expense,-24.44,adjustment,MANUAL
JE100377,2024-01-01 10:26:00,JDOE,2000-AP,-13.84,Manual override,MANUAL
JE100378,2024-01-01 10:26:00,JDOE,2000-AP,3100.0,Manual override,SYSTEM
JE100379,2024-01-06 23:33:00,JDOE,7000-Suspense,20.05,write-off,UPLOAD
JE100380,2024-01-01 10:27:00,SYS_BOT,4000-Revenue,28.56,Accrual,SYSTEM
JE100381,2024-01-01 10:28:00,AP_CLERK,6000-Expense,-22.2,Misc,SYSTEM
JE100382,2024-01-01 10:28:00,JDOE,3000-AR,24.8,Top-side,SYSTEM
JE100383,2024-01-01 10:28:00,AKHAN,3000-AR,13.31,accrual,UPLOAD
JE100384,2024-01-01 10:28:00,AP_CLERK,6000-Expense,-21.38,Write-off,SYSTEM
JE100385,2024-01-01 10:29:00,MALI,2000-AP,15947.12,Write-off,SYSTEM
JE100386,2024-01-01 10:29:00,MALI,2000-AP,16501.99,Receipt,SYSTEM
JE100387,2024-01-01 10:29:00,SYS_BOT,3000-AR,-11210.47,Payment,UPLOAD
JE100388,2024-01-01 10:30:00,AKHAN,3000-AR,-49870.9,accrual,SYSTEM
JE100389,2024-01-01 10:30:00,AR_CLERK,2000-AP,10.35,Top-side,UPLOAD
JE100390,2024-01-06 02:04:00,SYS_BOT,3000-AR,34.02,Payment,MANUAL
JE100391,2024-01-01 10:30:00,AP_CLERK,2000-AP,-25.26,Adjustment,MANUAL
JE100392,2024-01-01 10:31:00,AP_CLERK,4000-Revenue,25.35,Manual override,SYSTEM
JE100393,2024-01-01 10:31:00,SYS_BOT,5000-COGS,-400.0,Adjustment,SYSTEM
JE100394,2024-01-01 10:31:00,JDOE,4000-Revenue,11344.08,Payment,SYSTEM
JE100395,2024-01-01 10:31:00,AR_CLERK,1000-Cash,-49.77,Write-off,MANUAL
JE100396,2024-01-01 10:32:00,AP_CLERK,4000-Revenue,-1900.0,receipt,SYSTEM
JE100397,2024-01-06 02:08:00,MALI,5000-COGS,-28934.47,Payment,SYSTEM
JE100398,2024-01-01 10:33:00,MALI,2000-AP,11000.0,invoice,SYSTEM
JE100399,2024-01-01 10:33:00,AR_CLERK,4000-Revenue,65.61,Adjustment,SYSTEM
JE100400,2024-01-01 10:33:00,AP_CLERK,6000-Expense,43.56,Adjustment,MANUAL
JE100401,2024-01-01 10:34:00,JDOE,6000-Expense,26381.27,invoice,SYSTEM
JE100402,2024-01-01 10:34:00,AR_CLERK,3000-AR,-2400.0,Accrual,SYSTEM
JE100403,2024-01-01 10:34:00,MALI,2000-AP,4200.0,Accrual,MANUAL
JE100404,2024-01-01 10:34:00,AP_CLERK,2000-AP,-6.09,misc,MANUAL
JE100405,2024-01-01 10:35:00,SYS_BOT,1000-Cash,-115.22,Receipt,MANUAL
JE100406,2024-01-01 10:35:00,SYS_BOT,2000-AP,34.67,Reclass,MANUAL
JE100407,2024-01-01 10:35:00,SYS_BOT,4000-Revenue,-23.24,Receipt,MANUAL
JE100408,2024-01-01 10:35:00,SYS_BOT,4000-Revenue,-11.11,Accrual,SYSTEM
JE100409,2024-01-06 03:53:00,MALI,2000-AP,2100.0,Write-off,SYSTEM
JE100410,2024-01-01 10:36:00,JDOE,3000-AR,-14919.92,Manual override,SYSTEM
JE100411,2024-01-01 10:36:00,JDOE,3000-AR,18.84,Misc,SYSTEM
JE100412,2024-01-01 10:38:00,MALI,6000-Expense,94.84,adjustment,SYSTEM
JE100413,2024-01-01 10:38:00,JDOE,6000-Expense,10.8,Invoice,SYSTEM
JE100414,2024-01-01 10:38:00,JDOE,6000-Expense,3000.0,Write-off,MANUAL
JE100415,2024-01-01 10:38:00,SYS_BOT,4000-Revenue,-42.02,Receipt,SYSTEM
JE100416,2024-01-01 10:39:00,AP_CLERK,6000-Expense,39758.72,Accrual,SYSTEM
JE100417,2024-01-01 10:40:00,JDOE,4000-Revenue,-3800.0,Misc,MANUAL
JE100418,2024-01-01 10:40:00,AKHAN,2000-AP,2500.0,Misc,MANUAL
JE100419,2024-01-01 10:40:00,AP_CLERK,1000-Cash,-28.79,Write-off,SYSTEM
JE100420,2024-01-01 10:40:00,AR_CLERK,4000-Revenue,-25.4,Invoice,SYSTEM
JE100421,2024-01-01 10:40:00,AP_CLERK,5000-COGS,11.64,adjustment,SYSTEM
JE100422,2024-01-01 10:41:00,AP_CLERK,4000-Revenue,-26.17,reclass,MANUAL
JE100423,2024-01-01 10:41:00,JDOE,4000-Revenue,77.56,Misc,UPLOAD
JE100424,2024-01-01 10:41:00,MALI,4000-Revenue,-16.2,Reclass,SYSTEM
JE100425,2024-01-01 10:41:00,MALI,5000-COGS,3800.0,Write-off,MANUAL
JE100426,2024-01-01 10:42:00,JDOE,5000-COGS,-16000.0,Reclass,UPLOAD
JE100427,2024-01-01 10:43:00,SYS_BOT,2000-AP,3200.0,Payment,MANUAL
JE100428,2024-01-01 10:43:00,AP_CLERK,4000-Revenue,-15.4,manual override,SYSTEM
JE100429,2024-01-01 10:44:00,JDOE,3000-AR,30.1,Adjustment,SYSTEM
JE100430,2024-01-01 10:44:00,MALI,4000-Revenue,30.19,Reclass,SYSTEM
JE100431,2024-01-01 10:44:00,SYS_BOT,3000-AR,6192.95,Misc,MANUAL
JE100432,2024-01-01 10:45:00,AKHAN,1000-Cash,11.56,Payment,UPLOAD
JE100433,2024-01-01 10:45:00,MALI,5000-COGS,-11.1,reclass,SYSTEM
JE100434,2024-01-01 10:45:00,SYS_BOT,4000-Revenue,-9.16,Accrual,SYSTEM
JE100435,2024-01-01 10:45:00,MALI,6000-Expense,-41.09,Write-off,SYSTEM
JE100436,2024-01-01 10:45:00,JDOE,1000-Cash,21.05,Receipt,UPLOAD
JE100437,2024-01-01 10:46:00,AKHAN,1000-Cash,27.44,Payment,MANUAL
JE100438,2024-01-01 10:46:00,JDOE,2000-AP,6.39,write-off,SYSTEM
JE100439,2024-01-01 10:46:00,JDOE,6000-Expense,12.83,Payment,SYSTEM
JE100440,2024-01-01 10:46:00,MALI,4000-Revenue,76.36,Receipt,MANUAL
JE100441,2024-01-01 10:47:00,AKHAN,5000-COGS,-21.45,adjustment,MANUAL
JE100442,2024-01-01 10:47:00,AR_CLERK,1000-Cash,-26.94,Receipt,SYSTEM
JE100443,2024-01-01 10:47:00,AR_CLERK,5000-COGS,800.0,Invoice,SYSTEM
JE100444,2024-01-01 10:47:00,MALI,1000-Cash,-20.57,Top-side,MANUAL
JE100445,2024-01-01 10:49:00,AP_CLERK,6000-Expense,200.0,manual override,MANUAL
JE100446,2024-01-01 10:49:00,AP_CLERK,4000-Revenue,-18.78,Manual override,SYSTEM
JE100447,2024-01-01 10:49:00,SYS_BOT,6000-Expense,24.75,Invoice,UPLOAD
JE100448,2024-01-01 10:49:00,AP_CLERK,4000-Revenue,29.56,accrual,SYSTEM
JE100449,2024-01-01 10:49:00,JDOE,4000-Revenue,-1700.0,Misc,MANUAL
JE100450,2024-01-01 10:50:00,SYS_BOT,2000-AP,18.64,Manual override,MANUAL
JE100451,2024-01-01 10:50:00,AR_CLERK,4000-Revenue,42.09,reclass,SYSTEM
JE100452,2024-01-01 10:50:00,JDOE,5000-COGS,-35249.75,Receipt,SYSTEM
JE100453,2024-01-01 10:50:00,AR_CLERK,4000-Revenue,-39.52,adjustment,UPLOAD
JE100454,2024-01-01 10:50:00,AKHAN,5000-COGS,-100.0,Write-off,MANUAL
JE100455,2024-01-01 10:51:00,AR_CLERK,6000-Expense,18.06,Invoice,SYSTEM
JE100456,2024-01-06 23:19:00,AP_CLERK,5000-COGS,24.46,write-off,SYSTEM
JE100457,2024-01-01 10:51:00,AKHAN,4000-Revenue,19.44,Top-side,UPLOAD
JE100458,2024-01-01 10:51:00,AR_CLERK,4000-Revenue,-13.42,manual override,SYSTEM
JE100459,2024-01-01 10:51:00,AR_CLERK,3000-AR,15.13,Misc,SYSTEM
JE100460,2024-01-06 23:16:00,SYS_BOT,5000-COGS,-4600.0,Payment,SYSTEM
JE100461,2024-01-01 10:51:00,MALI,6000-Expense,21.28,Reclass,MANUAL
JE100462,2024-01-01 10:52:00,SYS_BOT,5000-COGS,10.66,Reclass,SYSTEM
JE100463,2024-01-01 10:52:00,AR_CLERK,2000-AP,12.76,Receipt,SYSTEM
JE100464,2024-01-01 10:52:00,JDOE,2000-AP,13.46,Payment,SYSTEM
JE100465,2024-01-01 10:53:00,MALI,4000-Revenue,-1000.0,Adjustment,MANUAL
JE100466,2024-01-01 10:53:00,AP_CLERK,4000-Revenue,5330.12,receipt,SYSTEM
JE100467,2024-01-01 10:54:00,SYS_BOT,6000-Expense,49.09,write-off,SYSTEM
JE100468,2024-01-01 10:54:00,JDOE,7000-Suspense,-16.08,Accrual,SYSTEM
JE100469,2024-01-01 10:54:00,MALI,6000-Expense,-33.37,manual override,MANUAL
JE100470,2024-01-01 10:54:00,AR_CLERK,4000-Revenue,12.37,Invoice,UPLOAD
JE100471,2024-01-01 10:54:00,MALI,5000-COGS,-29.38,Invoice,SYSTEM
JE100472,2024-01-01 10:55:00,AP_CLERK,6000-Expense,-8.96,Manual override,UPLOAD
JE100473,2024-01-01 10:55:00,MALI,2000-AP,12343.25,Adjustment,MANUAL
JE100474,2024-01-01 10:55:00,SYS_BOT,3000-AR,12000.0,Reclass,SYSTEM
JE100475,2024-01-01 10:55:00,JDOE,1000-Cash,-3300.0,receipt,UPLOAD
JE100476,2024-01-01 10:56:00,MALI,4000-Revenue,-1900.0,manual override,SYSTEM
JE100477,2024-01-01 10:57:00,AP_CLERK,6000-Expense,21.86,Receipt,SYSTEM
JE100478,2024-01-01 10:57:00,AKHAN,1000-Cash,-55.06,Adjustment,SYSTEM
JE100479,2024-01-06 23:31:00,JDOE,2000-AP,46948.76,Accrual,MANUAL
JE100480,2024-01-01 10:58:00,AP_CLERK,2000-AP,44346.0,accrual,SYSTEM
JE100481,2024-01-01 10:58:00,SYS_BOT,5000-COGS,17.69,Manual override,MANUAL
JE100482,2024-01-01 10:58:00,JDOE,3000-AR,9.59,adjustment,MANUAL
JE100483,2024-01-01 10:59:00,AP_CLERK,2000-AP,48.44,misc,SYSTEM
JE100484,2024-01-01 10:59:00,AR_CLERK,3000-AR,-15.28,receipt,SYSTEM
JE100485,2024-01-01 10:59:00,SYS_BOT,2000-AP,12.68,Write-off,SYSTEM
JE100486,2024-01-01 10:59:00,SYS_BOT,2000-AP,-30.49,Write-off,MANUAL
JE100487,2024-01-01 10:59:00,SYS_BOT,4000-Revenue,11381.63,Adjustment,MANUAL
JE100488,2024-01-01 11:00:00,JDOE,5000-COGS,-8.7,payment,SYSTEM
JE100489,2024-01-01 11:00:00,SYS_BOT,2000-AP,-58.59,Write-off,SYSTEM
JE100490,2024-01-01 11:01:00,AP_CLERK,4000-Revenue,24.99,adjustment,MANUAL
JE100491,2024-01-01 11:02:00,JDOE,1000-Cash,600.0,Write-off,SYSTEM
JE100492,2024-01-01 11:02:00,AP_CLERK,6000-Expense,-26.43,accrual,MANUAL
JE100493,2024-01-01 11:02:00,AR_CLERK,2000-AP,28.21,adjustment,SYSTEM
JE100494,2024-01-01 11:02:00,AR_CLERK,4000-Revenue,-11.22,manual override,SYSTEM
JE100495,2024-01-01 11:03:00,AKHAN,7000-Suspense,-35.97,Top-side,MANUAL
JE100496,2024-01-01 11:03:00,AR_CLERK,3000-AR,6602.33,accrual,MANUAL
JE100497,2024-01-01 11:04:00,AP_CLERK,3000-AR,25.95,reclass,SYSTEM
JE100498,2024-01-01 11:04:00,MALI,5000-COGS,25.53,Manual override,MANUAL
JE100499,2024-01-01 11:06:00,SYS_BOT,4000-Revenue,-400.0,Accrual,SYSTEM
JE100500,2024-01-06 00:30:00,JDOE,2000-AP,-9030.78,Top-side,MANUAL
JE100501,2024-01-01 11:06:00,JDOE,4000-Revenue,-16.23,Write-off,SYSTEM
JE100502,2024-01-01 11:06:00,AP_CLERK,6000-Expense,-17.34,misc,UPLOAD
JE100503,2024-01-01 11:07:00,AKHAN,5000-COGS,3000.0,misc,SYSTEM
JE100504,2024-01-01 11:07:00,AKHAN,2000-AP,18.61,Receipt,MANUAL
JE100505,2024-01-01 11:07:00,AR_CLERK,5000-COGS,-34.36,Invoice,MANUAL
JE100506,2024-01-01 11:07:00,AP_CLERK,6000-Expense,30.7,Accrual,MANUAL
JE100507,2024-01-01 11:07:00,SYS_BOT,2000-AP,4.81,Reclass,UPLOAD
JE100508,2024-01-01 11:07:00,MALI,4000-Revenue,20013.91,invoice,SYSTEM
JE100509,2024-01-01 11:08:00,MALI,4000-Revenue,-42.74,Misc,UPLOAD
JE100510,2024-01-01 11:08:00,AP_CLERK,5000-COGS,-48.19,Receipt,MANUAL
JE100511,2024-01-01 11:09:00,AP_CLERK,2000-AP,22.24,Write-off,SYSTEM
JE100512,2024-01-01 11:09:00,JDOE,2000-AP,48965.24,Manual override,SYSTEM
JE100513,2024-01-01 11:09:00,AKHAN,3000-AR,-38.82,Top-side,SYSTEM
JE100514,2024-01-01 11:09:00,AKHAN,6000-Expense,7.0,write-off,SYSTEM
JE100515,2024-01-01 11:09:00,AKHAN,3000-AR,37.68,Invoice,UPLOAD
JE100516,2024-01-06 23:35:00,JDOE,3000-AR,-16000.0,Payment,SYSTEM
JE100517,2024-01-01 11:10:00,JDOE,5000-COGS,-14.82,misc,SYSTEM
JE100518,2024-01-01 11:10:00,SYS_BOT,2000-AP,-3400.0,misc,SYSTEM
JE100519,2024-01-01 11:11:00,AR_CLERK,3000-AR,-1400.0,Write-off,MANUAL
JE100520,2024-01-01 11:11:00,JDOE,4000-Revenue,18.34,Write-off,SYSTEM
JE100521,2024-01-01 11:11:00,AP_CLERK,3000-AR,-39921.17,write-off,MANUAL
JE100522,2024-01-01 11:11:00,AP_CLERK,4000-Revenue,-18.47,Receipt,SYSTEM
JE100523,2024-01-01 11:12:00,AR_CLERK,4000-Revenue,-19113.26,Payment,MANUAL
JE100524,2024-01-01 11:12:00,AR_CLERK,2000-AP,11.63,receipt,UPLOAD
JE100525,2024-01-01 11:12:00,SYS_BOT,2000-AP,34.81,Accrual,SYSTEM
JE100526,2024-01-01 11:12:00,AKHAN,5000-COGS,-15.49,Reclass,SYSTEM
JE100527,2024-01-01 11:13:00,JDOE,3000-AR,52.36,Reclass,SYSTEM
JE100528,2024-01-01 11:13:00,AP_CLERK,2000-AP,4400.0,Accrual,UPLOAD
JE100529,2024-01-01 11:13:00,AP_CLERK,1000-Cash,45383.19,misc,SYSTEM
JE100530,2024-01-01 11:14:00,SYS_BOT,3000-AR,8000.0,top-side,UPLOAD
JE100531,2024-01-01 11:15:00,AR_CLERK,6000-Expense,-16.56,Manual override,SYSTEM
JE100532,2024-01-01 11:15:00,MALI,2000-AP,3.21,Reclass,SYSTEM
JE100533,2024-01-01 11:15:00,AR_CLERK,7000-Suspense,3100.0,Receipt,SYSTEM
JE100534,2024-01-01 11:16:00,MALI,1000-Cash,38587.01,Accrual,MANUAL
JE100535,2024-01-01 11:16:00,SYS_BOT,4000-Revenue,-12.51,Adjustment,MANUAL
JE100536,2024-01-01 11:16:00,AP_CLERK,5000-COGS,55.4,payment,MANUAL
JE100537,2024-01-01 11:16:00,AR_CLERK,4000-Revenue,1.45,Receipt,MANUAL
JE100538,2024-01-01 11:17:00,SYS_BOT,2000-AP,3400.0,Reclass,SYSTEM
JE100539,2024-01-01 11:17:00,SYS_BOT,3000-AR,-23.84,Accrual,MANUAL
JE100540,2024-01-01 11:17:00,JDOE,4000-Revenue,12.96,Top-side,MANUAL
JE100541,2024-01-01 11:17:00,AP_CLERK,6000-Expense,11.33,Payment,MANUAL
JE100542,2024-01-01 11:18:00,JDOE,3000-AR,-8.16,Adjustment,UPLOAD
JE100543,2024-01-01 11:18:00,AP_CLERK,3000-AR,13.69,payment,MANUAL
JE100544,2024-01-01 11:18:00,AP_CLERK,3000-AR,-5.58,Write-off,SYSTEM
JE100545,2024-01-01 11:19:00,MALI,7000-Suspense,-1000.0,Receipt,SYSTEM
JE100546,2024-01-01 11:19:00,JDOE,2000-AP,3700.0,Accrual,UPLOAD
JE100547,2024-01-01 11:21:00,SYS_BOT,2000-AP,157.09,invoice,SYSTEM
JE100548,2024-01-01 11:22:00,AR_CLERK,6000-Expense,-1900.0,Reclass,MANUAL
JE100549,2024-01-01 11:23:00,SYS_BOT,2000-AP,16.83,Top-side,SYSTEM
JE100550,2024-01-01 11:23:00,SYS_BOT,6000-Expense,2400.0,Accrual,SYSTEM
JE100551,2024-01-06 01:20:00,JDOE,4000-Revenue,45673.17,Manual override,MANUAL
JE100552,2024-01-01 11:23:00,SYS_BOT,6000-Expense,27.83,Accrual,MANUAL
JE100553,2024-01-01 11:23:00,AP_CLERK,3000-AR,-15.65,Payment,SYSTEM
JE100554,2024-01-01 11:24:00,SYS_BOT,6000-Expense,-42.91,Top-side,MANUAL
JE100555,2024-01-01 11:24:00,SYS_BOT,1000-Cash,-25.4,Manual override,MANUAL
JE100556,2024-01-01 11:24:00,AR_CLERK,5000-COGS,-1000.0,adjustment,SYSTEM
JE100557,2024-01-01 11:24:00,SYS_BOT,3000-AR,-54.59,Manual override,MANUAL
JE100558,2024-01-01 11:25:00,AP_CLERK,4000-Revenue,78.3,Reclass,SYSTEM
JE100559,2024-01-01 11:25:00,AR_CLERK,5000-COGS,9000.0,write-off,SYSTEM
JE100560,2024-01-01 11:26:00,SYS_BOT,4000-Revenue,-42.58,Invoice,SYSTEM
JE100561,2024-01-01 11:27:00,SYS_BOT,3000-AR,67.73,reclass,SYSTEM
JE100562,2024-01-01 11:27:00,SYS_BOT,3000-AR,-37.82,Payment,SYSTEM
JE100563,2024-01-01 11:27:00,MALI,5000-COGS,46990.36,Adjustment,MANUAL
JE100564,2024-01-01 11:27:00,AP_CLERK,4000-Revenue,-11000.0,Write-off,SYSTEM
JE100565,2024-01-01 11:27:00,AR_CLERK,2000-AP,24.15,Misc,SYSTEM
JE100566,2024-01-01 11:27:00,AKHAN,3000-AR,-26.84,Write-off,SYSTEM
JE100567,2024-01-01 11:27:00,AKHAN,5000-COGS,24749.84,Payment,SYSTEM
JE100568,2024-01-01 11:27:00,JDOE,1000-Cash,33.6,Receipt,SYSTEM
JE100569,2024-01-01 11:28:00,MALI,3000-AR,-48.95,Receipt,SYSTEM
JE100570,2024-01-01 11:28:00,AR_CLERK,5000-COGS,-28493.34,Receipt,UPLOAD
JE100571,2024-01-01 11:28:00,SYS_BOT,4000-Revenue,-9.95,Invoice,SYSTEM
JE100572,2024-01-01 11:28:00,JDOE,3000-AR,-44185.42,Manual override,MANUAL
JE100573,2024-01-01 11:29:00,AR_CLERK,2000-AP,-22.97,top-side,SYSTEM
JE100574,2024-01-01 11:29:00,AKHAN,1000-Cash,28035.02,Adjustment,UPLOAD
JE100575,2024-01-01 11:30:00,AP_CLERK,3000-AR,44748.52,Write-off,SYSTEM
JE100576,2024-01-01 11:30:00,JDOE,5000-COGS,21.17,Receipt,SYSTEM
JE100577,2024-01-01 11:31:00,SYS_BOT,2000-AP,-17000.0,Payment,SYSTEM
JE100578,2024-01-01 11:31:00,AR_CLERK,6000-Expense,-3800.0,Adjustment,SYSTEM
JE100579,2024-01-01 11:31:00,AP_CLERK,4000-Revenue,32.45,invoice,SYSTEM
JE100580,2024-01-01 11:32:00,SYS_BOT,3000-AR,-900.0,Invoice,SYSTEM
JE100581,2024-01-01 11:32:00,AKHAN,5000-COGS,-8.94,invoice,SYSTEM
JE100582,2024-01-01 11:32:00,AKHAN,3000-AR,-21.85,manual override,SYSTEM
JE100583,2024-01-01 11:33:00,AP_CLERK,6000-Expense,-27.19,Invoice,MANUAL
JE100584,2024-01-06 02:05:00,JDOE,3000-AR,-24.84,Payment,SYSTEM
JE100585,2024-01-01 11:33:00,MALI,1000-Cash,43.5,receipt,MANUAL
JE100586,2024-01-01 11:34:00,JDOE,6000-Expense,-34.96,Write-off,MANUAL
JE100587,2024-01-01 11:35:00,AP_CLERK,4000-Revenue,44791.8,Payment,UPLOAD
JE100588,2024-01-01 11:35:00,JDOE,6000-Expense,-19.88,Adjustment,SYSTEM
JE100589,2024-01-01 11:35:00,AR_CLERK,2000-AP,-17.23,Receipt,SYSTEM
JE100590,2024-01-01 11:35:00,JDOE,2000-AP,10.11,Receipt,MANUAL
JE100591,2024-01-01 11:35:00,JDOE,4000-Revenue,-44176.47,Misc,SYSTEM
JE100592,2024-01-01 11:36:00,AP_CLERK,6000-Expense,-21.36,manual override,MANUAL
JE100593,2024-01-01 11:36:00,JDOE,1000-Cash,28326.98,Receipt,SYSTEM
JE100594,2024-01-01 11:37:00,AR_CLERK,4000-Revenue,55.87,Payment,MANUAL
JE100595,2024-01-01 11:39:00,JDOE,5000-COGS,-50.45,Misc,UPLOAD
JE100596,2024-01-01 11:39:00,AP_CLERK,3000-AR,43.28,Write-off,MANUAL
JE100597,2024-01-01 11:39:00,AKHAN,3000-AR,4200.0,invoice,SYSTEM
JE100598,2024-01-06 01:27:00,SYS_BOT,6000-Expense,-22.36,Manual override,SYSTEM
JE100599,2024-01-01 11:39:00,AR_CLERK,4000-Revenue,54.37,adjustment,SYSTEM
JE100600,2024-01-01 11:40:00,AR_CLERK,5000-COGS,-19.55,Manual override,SYSTEM
JE100601,2024-01-01 11:40:00,SYS_BOT,5000-COGS,-9.17,Payment,SYSTEM
JE100602,2024-01-01 11:40:00,AKHAN,6000-Expense,19.99,Receipt,MANUAL
JE100603,2024-01-01 11:40:00,AR_CLERK,3000-AR,-35.59,Manual override,SYSTEM
JE100604,2024-01-01 11:41:00,SYS_BOT,4000-Revenue,1800.0,Invoice,MANUAL
JE100605,2024-01-01 11:41:00,AKHAN,2000-AP,-9.31,Reclass,MANUAL
JE100606,2024-01-01 11:42:00,JDOE,3000-AR,-15.39,top-side,SYSTEM
JE100607,2024-01-01 11:42:00,MALI,6000-Expense,-10.51,Accrual,SYSTEM
JE100608,2024-01-01 11:43:00,JDOE,6000-Expense,9000.0,Payment,SYSTEM
JE100609,2024-01-01 11:43:00,AR_CLERK,3000-AR,-29173.01,Payment,MANUAL
JE100610,2024-01-01 11:44:00,AKHAN,5000-COGS,-14.52,top-side,MANUAL
JE100611,2024-01-01 11:45:00,AP_CLERK,4000-Revenue,-9.3,Receipt,SYSTEM
JE100612,2024-01-01 11:46:00,AR_CLERK,5000-COGS,-1800.0,invoice,SYSTEM
JE100613,2024-01-01 11:46:00,AP_CLERK,3000-AR,19.74,misc,MANUAL
JE100614,2024-01-01 11:46:00,AP_CLERK,3000-AR,60.28,payment,SYSTEM
JE100615,2024-01-01 11:46:00,MALI,2000-AP,54.45,Write-off,SYSTEM
JE100616,2024-01-01 11:46:00,AR_CLERK,4000-Revenue,10.43,Top-side,SYSTEM
JE100617,2024-01-01 11:47:00,AR_CLERK,1000-Cash,2300.0,Reclass,SYSTEM
JE100618,2024-01-01 11:47:00,AP_CLERK,6000-Expense,-17.64,Top-side,SYSTEM
JE100619,2024-01-06 03:01:00,AP_CLERK,2000-AP,-46.55,Receipt,MANUAL
JE100620,2024-01-01 11:48:00,AP_CLERK,4000-Revenue,-17000.0,manual override,SYSTEM
JE100621,2024-01-01 11:48:00,MALI,4000-Revenue,-100.0,top-side,MANUAL
JE100622,2024-01-01 11:49:00,AKHAN,3000-AR,-35.52,Misc,SYSTEM
JE100623,2024-01-01 11:49:00,AR_CLERK,6000-Expense,27876.45,Adjustment,SYSTEM
JE100624,2024-01-01 11:50:00,JDOE,6000-Expense,-110.49,write-off,SYSTEM
JE100625,2024-01-01 11:50:00,AKHAN,5000-COGS,33.45,payment,SYSTEM
JE100626,2024-01-01 11:51:00,AP_CLERK,2000-AP,-16.53,payment,SYSTEM
JE100627,2024-01-01 11:52:00,AP_CLERK,4000-Revenue,-47460.23,misc,MANUAL
JE100628,2024-01-01 11:52:00,AR_CLERK,4000-Revenue,45285.93,Accrual,SYSTEM
JE100629,2024-01-01 11:52:00,AR_CLERK,1000-Cash,-2800.0,Adjustment,SYSTEM
JE100630,2024-01-01 11:52:00,AKHAN,5000-COGS,-12000.0,adjustment,SYSTEM
JE100631,2024-01-01 11:52:00,MALI,6000-Expense,400.0,manual override,SYSTEM
JE100632,2024-01-01 11:53:00,AKHAN,6000-Expense,-40.62,Misc,SYSTEM
JE100633,2024-01-01 11:53:00,JDOE,4000-Revenue,-14.69,write-off,MANUAL
JE100634,2024-01-01 11:53:00,AR_CLERK,1000-Cash,-13.14,Misc,MANUAL
JE100635,2024-01-01 11:53:00,SYS_BOT,2000-AP,28.17,Misc,UPLOAD
JE100636,2024-01-01 11:54:00,MALI,6000-Expense,-21.67,Write-off,MANUAL
JE100637,2024-01-01 11:55:00,AKHAN,2000-AP,-28.29,Write-off,MANUAL
JE100638,2024-01-01 11:55:00,AR_CLERK,4000-Revenue,-1000.0,Payment,SYSTEM
JE100639,2024-01-01 11:55:00,AKHAN,4000-Revenue,41.98,accrual,MANUAL
JE100640,2024-01-01 11:56:00,MALI,3000-AR,-3.38,Payment,SYSTEM
JE100641,2024-01-01 11:56:00,AP_CLERK,5000-COGS,13.31,Write-off,UPLOAD
JE100642,2024-01-06 23:22:00,JDOE,2000-AP,-12.43,Adjustment,UPLOAD
JE100643,2024-01-01 11:57:00,MALI,4000-Revenue,-40.9,Top-side,UPLOAD
JE100644,2024-01-01 11:57:00,AP_CLERK,3000-AR,4800.0,Misc,MANUAL
JE100645,2024-01-06 01:48:00,SYS_BOT,6000-Expense,11.41,Top-side,MANUAL
JE100646,2024-01-01 11:57:00,MALI,3000-AR,3200.0,invoice,SYSTEM
JE100647,2024-01-01 11:58:00,MALI,2000-AP,-11.82,Manual override,SYSTEM
JE100648,2024-01-01 11:58:00,SYS_BOT,3000-AR,-9.27,Payment,MANUAL
JE100649,2024-01-01 11:58:00,JDOE,4000-Revenue,-5.64,accrual,SYSTEM
JE100650,2024-01-01 11:58:00,JDOE,1000-Cash,12669.68,Reclass,UPLOAD
JE100651,2024-01-01 11:59:00,JDOE,6000-Expense,40.72,Invoice,MANUAL
JE100652,2024-01-01 11:59:00,JDOE,4000-Revenue,1900.0,Adjustment,SYSTEM
JE100653,2024-01-01 11:59:00,JDOE,3000-AR,-28.93,Manual override,MANUAL
JE100654,2024-01-01 12:01:00,JDOE,4000-Revenue,-54.94,Receipt,UPLOAD
JE100655,2024-01-01 12:01:00,JDOE,7000-Suspense,2000.0,Top-side,MANUAL
JE100656,2024-01-01 12:02:00,SYS_BOT,4000-Revenue,30.14,Receipt,SYSTEM
JE100657,2024-01-01 12:02:00,SYS_BOT,3000-AR,-23.17,Misc,MANUAL
JE100658,2024-01-01 12:03:00,AP_CLERK,5000-COGS,30.4,Payment,MANUAL
JE100659,2024-01-01 12:03:00,MALI,5000-COGS,35.75,Invoice,MANUAL
JE100660,2024-01-06 02:54:00,AR_CLERK,5000-COGS,-5.65,Receipt,UPLOAD
JE100661,2024-01-01 12:04:00,JDOE,2000-AP,81.96,Manual override,SYSTEM
JE100662,2024-01-01 12:04:00,MALI,1000-Cash,38240.0,Accrual,SYSTEM
JE100663,2024-01-01 12:05:00,SYS_BOT,3000-AR,27.46,Invoice,UPLOAD
JE100664,2024-01-01 12:05:00,SYS_BOT,3000-AR,-9.97,Adjustment,SYSTEM
JE100665,2024-01-01 12:06:00,AP_CLERK,6000-Expense,26.76,Reclass,MANUAL
JE100666,2024-01-01 12:06:00,MALI,1000-Cash,15.36,Accrual,SYSTEM
JE100667,2024-01-01 12:07:00,JDOE,6000-Expense,-16.47,adjustment,SYSTEM
JE100668,2024-01-01 12:07:00,SYS_BOT,1000-Cash,200.0,Reclass,MANUAL
JE100669,2024-01-01 12:07:00,SYS_BOT,3000-AR,23.51,Payment,SYSTEM
JE100670,2024-01-01 12:07:00,SYS_BOT,3000-AR,189.07,Payment,SYSTEM
JE100671,2024-01-01 12:07:00,MALI,6000-Expense,-74.79,Accrual,MANUAL
JE100672,2024-01-01 12:09:00,AR_CLERK,6000-Expense,-31552.27,Misc,SYSTEM
JE100673,2024-01-01 12:09:00,MALI,1000-Cash,-9.09,receipt,SYSTEM
JE100674,2024-01-01 12:09:00,AKHAN,2000-AP,-47553.94,Invoice,SYSTEM
JE100675,2024-01-01 12:09:00,MALI,3000-AR,28654.88,Top-side,SYSTEM
JE100676,2024-01-01 12:09:00,AR_CLERK,2000-AP,-4200.0,reclass,SYSTEM
JE100677,2024-01-01 12:10:00,AP_CLERK,6000-Expense,-20795.14,adjustment,MANUAL
JE100678,2024-01-01 12:10:00,AR_CLERK,4000-Revenue,23.55,Receipt,MANUAL
JE100679,2024-01-01 12:10:00,MALI,3000-AR,-16.54,Accrual,MANUAL
JE100680,2024-01-01 12:11:00,MALI,4000-Revenue,-49.97,Write-off,MANUAL
JE100681,2024-01-01 12:11:00,AR_CLERK,5000-COGS,-2100.0,Payment,SYSTEM
JE100682,2024-01-01 12:12:00,AR_CLERK,6000-Expense,-6.41,manual override,MANUAL
JE100683,2024-01-01 12:12:00,AKHAN,6000-Expense,-17000.0,payment,MANUAL
JE100684,2024-01-01 12:12:00,AR_CLERK,3000-AR,19.97,Reclass,MANUAL
JE100685,2024-01-01 12:13:00,AP_CLERK,5000-COGS,67.2,Reclass,SYSTEM
JE100686,2024-01-01 12:14:00,AP_CLERK,6000-Expense,13.27,Accrual,SYSTEM
JE100687,2024-01-01 12:14:00,AR_CLERK,4000-Revenue,25994.69,Reclass,MANUAL
JE100688,2024-01-01 12:15:00,AP_CLERK,5000-COGS,-8.42,Write-off,MANUAL
JE100689,2024-01-06 03:39:00,AKHAN,4000-Revenue,3.61,top-side,SYSTEM
JE100690,2024-01-01 12:15:00,JDOE,3000-AR,-5965.01,Invoice,SYSTEM
JE100691,2024-01-01 12:16:00,MALI,2000-AP,24.32,Write-off,MANUAL
JE100692,2024-01-01 12:17:00,AKHAN,1000-Cash,-59.54,Reclass,SYSTEM
JE100693,2024-01-01 12:17:00,AR_CLERK,3000-AR,-19000.0,Manual override,SYSTEM
JE100694,2024-01-01 12:18:00,SYS_BOT,3000-AR,300.0,Reclass,SYSTEM
JE100695,2024-01-01 12:18:00,AP_CLERK,4000-Revenue,11960.07,invoice,SYSTEM
JE100696,2024-01-01 12:20:00,MALI,5000-COGS,-18.11,manual override,MANUAL
JE100697,2024-01-01 12:20:00,JDOE,5000-COGS,-2400.0,Manual override,SYSTEM
JE100698,2024-01-01 12:22:00,SYS_BOT,5000-COGS,18.88,Manual override,MANUAL
JE100699,2024-01-06 02:12:00,AR_CLERK,4000-Revenue,-16.27,Invoice,UPLOAD
JE100700,2024-01-01 12:22:00,AKHAN,4000-Revenue,32.38,Invoice,SYSTEM
JE100701,2024-01-01 12:23:00,AKHAN,4000-Revenue,23.14,Manual override,SYSTEM
JE100702,2024-01-01 12:23:00,AKHAN,5000-COGS,-33.98,Receipt,MANUAL
JE100703,2024-01-01 12:23:00,MALI,6000-Expense,-15817.39,Payment,SYSTEM
JE100704,2024-01-01 12:23:00,AR_CLERK,2000-AP,-8000.0,Reclass,SYSTEM
JE100705,2024-01-01 12:24:00,JDOE,6000-Expense,36.35,Misc,MANUAL
JE100706,2024-01-01 12:24:00,SYS_BOT,2000-AP,4600.0,Adjustment,SYSTEM
JE100707,2024-01-01 12:24:00,JDOE,1000-Cash,15.28,top-side,SYSTEM
JE100708,2024-01-01 12:24:00,AR_CLERK,5000-COGS,-42.14,Adjustment,SYSTEM
JE100709,2024-01-01 12:25:00,AP_CLERK,2000-AP,14.84,receipt,MANUAL
JE100710,2024-01-01 12:25:00,AP_CLERK,6000-Expense,-19.79,accrual,SYSTEM
JE100711,2024-01-01 12:25:00,JDOE,3000-AR,-5410.44,Receipt,SYSTEM
JE100712,2024-01-01 12:25:00,AP_CLERK,3000-AR,26379.6,Adjustment,MANUAL
JE100713,2024-01-01 12:26:00,AP_CLERK,6000-Expense,16.53,Accrual,SYSTEM
JE100714,2024-01-01 12:28:00,AP_CLERK,5000-COGS,-107.49,Write-off,SYSTEM
JE100715,2024-01-01 12:28:00,AKHAN,1000-Cash,-37.34,Top-side,MANUAL
JE100716,2024-01-01 12:29:00,SYS_BOT,6000-Expense,-42.44,reclass,MANUAL
JE100717,2024-01-01 12:30:00,SYS_BOT,2000-AP,7380.26,payment,MANUAL
JE100718,2024-01-01 12:30:00,SYS_BOT,5000-COGS,-29.19,Payment,SYSTEM
JE100719,2024-01-01 12:32:00,JDOE,6000-Expense,-11.08,Payment,SYSTEM
JE100720,2024-01-01 12:32:00,SYS_BOT,6000-Expense,-17.58,Receipt,MANUAL
JE100721,2024-01-01 12:33:00,AR_CLERK,4000-Revenue,22655.47,Payment,SYSTEM
JE100722,2024-01-01 12:34:00,AR_CLERK,6000-Expense,65.24,Misc,SYSTEM
JE100723,2024-01-01 12:35:00,AP_CLERK,5000-COGS,-34258.75,Reclass,MANUAL
JE100724,2024-01-01 12:35:00,AP_CLERK,2000-AP,21.03,Reclass,MANUAL
JE100725,2024-01-01 12:36:00,AR_CLERK,6000-Expense,-17.83,receipt,SYSTEM
JE100726,2024-01-01 12:36:00,SYS_BOT,4000-Revenue,-9.03,Reclass,SYSTEM
JE100727,2024-01-01 12:37:00,AP_CLERK,3000-AR,47.35,Manual override,MANUAL
JE100728,2024-01-01 12:37:00,AR_CLERK,3000-AR,22.15,Top-side,SYSTEM
JE100729,2024-01-01 12:37:00,SYS_BOT,2000-AP,19.73,Reclass,MANUAL
JE100730,2024-01-01 12:37:00,AR_CLERK,4000-Revenue,41065.58,Misc,SYSTEM
JE100731,2024-01-01 12:37:00,AP_CLERK,4000-Revenue,23.02,payment,SYSTEM
JE100732,2024-01-01 12:38:00,SYS_BOT,2000-AP,-11.67,write-off,SYSTEM
JE100733,2024-01-01 12:38:00,SYS_BOT,3000-AR,168.47,Invoice,MANUAL
JE100734,2024-01-01 12:38:00,AP_CLERK,2000-AP,-42.1,Write-off,MANUAL
JE100735,2024-01-06 01:05:00,JDOE,6000-Expense,6095.19,Reclass,UPLOAD
JE100736,2024-01-01 12:39:00,AKHAN,2000-AP,4900.0,Manual override,SYSTEM
JE100737,2024-01-01 12:39:00,AR_CLERK,4000-Revenue,-31.98,top-side,SYSTEM
JE100738,2024-01-01 12:40:00,SYS_BOT,4000-Revenue,30.22,manual override,SYSTEM
JE100739,2024-01-01 12:42:00,JDOE,4000-Revenue,-28.67,manual override,SYSTEM
JE100740,2024-01-01 12:42:00,MALI,3000-AR,-42.22,Misc,MANUAL
JE100741,2024-01-01 12:42:00,SYS_BOT,2000-AP,9000.0,payment,SYSTEM
JE100742,2024-01-01 12:42:00,AP_CLERK,1000-Cash,-70.02,Misc,SYSTEM
JE100743,2024-01-01 12:44:00,SYS_BOT,2000-AP,-11329.51,accrual,SYSTEM
JE100744,2024-01-01 12:44:00,JDOE,6000-Expense,19.94,Reclass,SYSTEM
JE100745,2024-01-01 12:45:00,SYS_BOT,2000-AP,7.64,Invoice,SYSTEM
JE100746,2024-01-01 12:45:00,MALI,4000-Revenue,2000.0,Accrual,MANUAL
JE100747,2024-01-01 12:46:00,AR_CLERK,3000-AR,-20.21,Adjustment,SYSTEM
JE100748,2024-01-01 12:50:00,JDOE,1000-Cash,-22.15,Receipt,UPLOAD
JE100749,2024-01-01 12:51:00,AP_CLERK,3000-AR,1200.0,Manual override,SYSTEM
JE100750,2024-01-01 12:51:00,AP_CLERK,7000-Suspense,-5000.0,Accrual,MANUAL
JE100751,2024-01-01 12:51:00,SYS_BOT,3000-AR,2900.0,Receipt,SYSTEM
JE100752,2024-01-01 12:51:00,MALI,3000-AR,20.83,Top-side,SYSTEM
JE100753,2024-01-01 12:53:00,AP_CLERK,4000-Revenue,-900.0,Accrual,SYSTEM
JE100754,2024-01-01 12:53:00,AP_CLERK,3000-AR,19.52,Accrual,SYSTEM
JE100755,2024-01-01 12:55:00,AP_CLERK,2000-AP,34.04,Reclass,SYSTEM
JE100756,2024-01-01 12:56:00,SYS_BOT,3000-AR,-16000.0,Invoice,MANUAL
JE100757,2024-01-01 12:56:00,AP_CLERK,6000-Expense,-37012.73,receipt,MANUAL
JE100758,2024-01-01 12:57:00,AP_CLERK,2000-AP,-47524.76,accrual,SYSTEM
JE100759,2024-01-01 12:58:00,MALI,2000-AP,10.5,Accrual,SYSTEM
JE100760,2024-01-01 12:58:00,MALI,5000-COGS,-12.78,accrual,SYSTEM
JE100761,2024-01-01 12:58:00,AP_CLERK,2000-AP,-42665.99,accrual,SYSTEM
JE100762,2024-01-01 12:58:00,AKHAN,2000-AP,36.66,Write-off,MANUAL
JE100763,2024-01-01 12:58:00,SYS_BOT,2000-AP,-47590.06,manual override,MANUAL
JE100764,2024-01-01 12:59:00,JDOE,6000-Expense,2000.0,write-off,SYSTEM
JE100765,2024-01-01 12:59:00,MALI,6000-Expense,12.06,Manual override,MANUAL
JE100766,2024-01-01 13:00:00,AP_CLERK,6000-Expense,23.85,invoice,SYSTEM
JE100767,2024-01-01 13:00:00,SYS_BOT,3000-AR,9000.0,Write-off,MANUAL
JE100768,2024-01-01 13:01:00,AKHAN,6000-Expense,3900.0,top-side,SYSTEM
JE100769,2024-01-01 13:02:00,JDOE,1000-Cash,-43.53,Adjustment,SYSTEM
JE100770,2024-01-01 13:02:00,MALI,4000-Revenue,2100.0,Invoice,SYSTEM
JE100771,2024-01-01 13:02:00,SYS_BOT,4000-Revenue,-12615.29,Reclass,SYSTEM
JE100772,2024-01-01 13:02:00,SYS_BOT,3000-AR,-1.19,Reclass,SYSTEM
JE100773,2024-01-06 03:03:00,SYS_BOT,6000-Expense,400.0,Top-side,SYSTEM
JE100774,2024-01-01 13:06:00,AP_CLERK,5000-COGS,-16.29,Invoice,MANUAL
JE100775,2024-01-01 13:06:00,SYS_BOT,4000-Revenue,78.48,Invoice,MANUAL
JE100776,2024-01-01 13:07:00,JDOE,5000-COGS,47.6,Adjustment,MANUAL
JE100777,2024-01-01 13:07:00,SYS_BOT,5000-COGS,800.0,adjustment,SYSTEM
JE100778,2024-01-01 13:08:00,AR_CLERK,2000-AP,-5.02,Misc,SYSTEM
JE100779,2024-01-01 13:09:00,AR_CLERK,3000-AR,19234.0,Manual override,UPLOAD
JE100780,2024-01-01 13:09:00,SYS_BOT,3000-AR,24.54,reclass,UPLOAD
JE100781,2024-01-01 13:09:00,JDOE,6000-Expense,26.64,Adjustment,SYSTEM
JE100782,2024-01-01 13:09:00,MALI,6000-Expense,17.29,Adjustment,UPLOAD
JE100783,2024-01-01 13:12:00,AR_CLERK,3000-AR,-25.67,Receipt,MANUAL
JE100784,2024-01-01 13:12:00,AR_CLERK,7000-Suspense,2.31,Invoice,SYSTEM
JE100785,2024-01-06 02:52:00,AP_CLERK,1000-Cash,41293.29,Misc,SYSTEM
JE100786,2024-01-01 13:12:00,MALI,3000-AR,36.71,Receipt,MANUAL
JE100787,2024-01-01 13:14:00,AKHAN,2000-AP,36.72,Write-off,MANUAL
JE100788,2024-01-01 13:15:00,MALI,4000-Revenue,13.47,Receipt,SYSTEM
JE100789,2024-01-01 13:16:00,AR_CLERK,6000-Expense,-66.08,reclass,MANUAL
JE100790,2024-01-01 13:16:00,AP_CLERK,5000-COGS,-80.38,Manual override,MANUAL
JE100791,2024-01-01 13:16:00,SYS_BOT,1000-Cash,-4000.0,Adjustment,SYSTEM
JE100792,2024-01-01 13:17:00,SYS_BOT,2000-AP,23.86,accrual,SYSTEM
JE100793,2024-01-01 13:17:00,MALI,5000-COGS,35.15,Receipt,SYSTEM
JE100794,2024-01-01 13:17:00,JDOE,3000-AR,-58.45,Manual override,MANUAL
JE100795,2024-01-01 13:18:00,AR_CLERK,6000-Expense,-6619.99,Reclass,MANUAL
JE100796,2024-01-01 13:18:00,SYS_BOT,4000-Revenue,4000.0,accrual,SYSTEM
JE100797,2024-01-01 13:18:00,MALI,5000-COGS,-9.89,Top-side,MANUAL
JE100798,2024-01-01 13:19:00,SYS_BOT,5000-COGS,-12.98,Accrual,SYSTEM
JE100799,2024-01-01 13:19:00,JDOE,4000-Revenue,29.58,Write-off,SYSTEM
JE100800,2024-01-01 13:19:00,JDOE,2000-AP,-32.65,Misc,SYSTEM
JE100801,2024-01-01 13:21:00,AKHAN,6000-Expense,43.81,Misc,MANUAL
JE100802,2024-01-01 13:22:00,AKHAN,4000-Revenue,-18.94,Misc,SYSTEM
JE100803,2024-01-01 13:22:00,JDOE,5000-COGS,-49422.67,write-off,MANUAL
JE100804,2024-01-06 00:52:00,AR_CLERK,1000-Cash,-17.81,Invoice,SYSTEM
JE100805,2024-01-01 13:25:00,AR_CLERK,2000-AP,-15.44,Adjustment,SYSTEM
JE100806,2024-01-01 13:25:00,AKHAN,4000-Revenue,20873.35,Receipt,MANUAL
JE100807,2024-01-01 13:26:00,SYS_BOT,6000-Expense,-11.55,Payment,SYSTEM
JE100808,2024-01-01 13:27:00,AP_CLERK,3000-AR,26.55,Misc,MANUAL
JE100809,2024-01-01 13:27:00,AKHAN,5000-COGS,12741.1,Invoice,SYSTEM
JE100810,2024-01-01 13:27:00,MALI,1000-Cash,-35.84,Manual override,MANUAL
JE100811,2024-01-01 13:27:00,JDOE,1000-Cash,6.82,Top-side,SYSTEM
JE100812,2024-01-01 13:27:00,SYS_BOT,5000-COGS,-32.71,Misc,SYSTEM
JE100813,2024-01-01 13:27:00,AKHAN,7000-Suspense,-3300.0,Accrual,MANUAL
JE100814,2024-01-01 13:29:00,MALI,3000-AR,19.72,Top-side,SYSTEM
JE100815,2024-01-01 13:29:00,AR_CLERK,3000-AR,-9.97,adjustment,SYSTEM
JE100816,2024-01-06 03:42:00,AR_CLERK,3000-AR,24.32,adjustment,SYSTEM
JE100817,2024-01-01 13:30:00,AP_CLERK,4000-Revenue,-30.36,Write-off,MANUAL
JE100818,2024-01-01 13:32:00,JDOE,3000-AR,43.72,Write-off,SYSTEM
JE100819,2024-01-01 13:34:00,SYS_BOT,3000-AR,-40.27,Accrual,MANUAL
JE100820,2024-01-01 13:35:00,SYS_BOT,5000-COGS,-20.83,adjustment,SYSTEM
JE100821,2024-01-01 13:35:00,MALI,1000-Cash,61.19,Write-off,MANUAL
JE100822,2024-01-01 13:36:00,AR_CLERK,6000-Expense,-100.0,Reclass,SYSTEM
JE100823,2024-01-01 13:37:00,AR_CLERK,5000-COGS,200.0,Adjustment,SYSTEM
JE100824,2024-01-01 13:38:00,AP_CLERK,6000-Expense,6.61,Top-side,UPLOAD
JE100825,2024-01-01 13:38:00,SYS_BOT,6000-Expense,17.01,Accrual,MANUAL
JE100826,2024-01-01 13:40:00,SYS_BOT,5000-COGS,40879.69,Manual override,UPLOAD
JE100827,2024-01-01 13:41:00,SYS_BOT,3000-AR,-11.3,Manual override,SYSTEM
JE100828,2024-01-01 13:43:00,JDOE,5000-COGS,-45.35,Adjustment,SYSTEM
JE100829,2024-01-01 13:45:00,AKHAN,4000-Revenue,-1700.0,Misc,SYSTEM
JE100830,2024-01-01 13:45:00,MALI,3000-AR,54.75,Receipt,MANUAL
JE100831,2024-01-06 01:36:00,MALI,6000-Expense,21.41,Reclass,UPLOAD
JE100832,2024-01-01 13:45:00,SYS_BOT,4000-Revenue,-40.74,Write-off,SYSTEM
JE100833,2024-01-01 13:46:00,SYS_BOT,7000-Suspense,-44.72,Misc,SYSTEM
JE100834,2024-01-06 00:36:00,JDOE,5000-COGS,-2000.0,Write-off,MANUAL
JE100835,2024-01-01 13:46:00,AP_CLERK,6000-Expense,18551.95,Accrual,SYSTEM
JE100836,2024-01-01 13:46:00,MALI,6000-Expense,-20.63,top-side,SYSTEM
JE100837,2024-01-01 13:46:00,AR_CLERK,4000-Revenue,25.59,Receipt,SYSTEM
JE100838,2024-01-01 13:47:00,AR_CLERK,6000-Expense,42271.26,payment,MANUAL
JE100839,2024-01-01 13:48:00,AR_CLERK,4000-Revenue,-26.23,Reclass,MANUAL
JE100840,2024-01-01 13:48:00,AP_CLERK,4000-Revenue,-7478.36,Payment,SYSTEM
JE100841,2024-01-01 13:48:00,JDOE,7000-Suspense,18492.62,Write-off,MANUAL
JE100842,2024-01-01 13:48:00,SYS_BOT,5000-COGS,50.31,Adjustment,MANUAL
JE100843,2024-01-01 13:49:00,MALI,5000-COGS,27.39,top-side,SYSTEM
JE100844,2024-01-01 13:49:00,AKHAN,7000-Suspense,16429.4,Reclass,SYSTEM
JE100845,2024-01-01 13:49:00,AKHAN,4000-Revenue,30.11,Top-side,MANUAL
JE100846,2024-01-01 13:49:00,MALI,1000-Cash,-29506.5,Reclass,SYSTEM
JE100847,2024-01-01 13:50:00,JDOE,5000-COGS,9.23,payment,MANUAL
JE100848,2024-01-01 13:50:00,MALI,4000-Revenue,-9.82,top-side,MANUAL
JE100849,2024-01-01 13:53:00,AKHAN,5000-COGS,-28.24,manual override,SYSTEM
JE100850,2024-01-01 13:55:00,AR_CLERK,6000-Expense,-20.03,Receipt,MANUAL
JE100851,2024-01-01 13:56:00,SYS_BOT,5000-COGS,-33.04,Accrual,MANUAL
JE100852,2024-01-01 13:58:00,AR_CLERK,7000-Suspense,14.91,Top-side,SYSTEM
JE100853,2024-01-01 13:59:00,AR_CLERK,5000-COGS,35994.55,payment,MANUAL
JE100854,2024-01-01 13:59:00,AKHAN,6000-Expense,-11.94,Accrual,MANUAL
JE100855,2024-01-01 13:59:00,MALI,3000-AR,3400.0,Misc,UPLOAD
JE100856,2024-01-01 14:01:00,JDOE,2000-AP,-1100.0,Receipt,MANUAL
JE100857,2024-01-01 14:01:00,SYS_BOT,4000-Revenue,-19.0,Accrual,SYSTEM
JE100858,2024-01-01 14:03:00,SYS_BOT,6000-Expense,-17.45,Write-off,SYSTEM
JE100859,2024-01-01 14:03:00,MALI,6000-Expense,4500.0,Manual override,SYSTEM
JE100860,2024-01-01 14:03:00,MALI,5000-COGS,-21.36,accrual,MANUAL
JE100861,2024-01-06 01:26:00,AR_CLERK,3000-AR,700.0,reclass,SYSTEM
JE100862,2024-01-01 14:04:00,SYS_BOT,2000-AP,21.32,receipt,SYSTEM
JE100863,2024-01-06 00:29:00,SYS_BOT,1000-Cash,1500.0,manual override,SYSTEM
JE100864,2024-01-01 14:04:00,SYS_BOT,3000-AR,4000.0,payment,SYSTEM
JE100865,2024-01-01 14:07:00,MALI,4000-Revenue,-5717.1,Adjustment,SYSTEM
JE100866,2024-01-01 14:08:00,AR_CLERK,7000-Suspense,2500.0,manual override,MANUAL
JE100867,2024-01-01 14:10:00,AR_CLERK,4000-Revenue,17.08,reclass,MANUAL
JE100868,2024-01-01 14:12:00,AKHAN,4000-Revenue,-600.0,Manual override,MANUAL
JE100869,2024-01-01 14:13:00,AP_CLERK,4000-Revenue,-24.09,Write-off,MANUAL
JE100870,2024-01-01 14:14:00,AR_CLERK,1000-Cash,14258.73,Accrual,SYSTEM
JE100871,2024-01-01 14:15:00,JDOE,3000-AR,12.63,Top-side,UPLOAD
JE100872,2024-01-01 14:16:00,AR_CLERK,4000-Revenue,1200.0,Reclass,MANUAL
JE100873,2024-01-01 14:16:00,SYS_BOT,5000-COGS,62.39,Accrual,MANUAL
JE100874,2024-01-01 14:17:00,AR_CLERK,6000-Expense,-18.06,accrual,MANUAL
JE100875,2024-01-01 14:17:00,SYS_BOT,4000-Revenue,-4.54,accrual,SYSTEM
JE100876,2024-01-01 14:17:00,AP_CLERK,5000-COGS,-24.24,Receipt,SYSTEM
JE100877,2024-01-01 14:18:00,AR_CLERK,5000-COGS,-66.17,Payment,SYSTEM
JE100878,2024-01-01 14:20:00,SYS_BOT,5000-COGS,2600.0,Top-side,SYSTEM
JE100879,2024-01-01 14:20:00,MALI,2000-AP,-77.78,reclass,UPLOAD
JE100880,2024-01-01 14:22:00,JDOE,6000-Expense,-37.73,Manual override,SYSTEM
JE100881,2024-01-01 14:22:00,MALI,5000-COGS,800.0,Payment,MANUAL
JE100882,2024-01-01 14:23:00,MALI,5000-COGS,37.27,Write-off,SYSTEM
JE100883,2024-01-01 14:23:00,AP_CLERK,2000-AP,-18.03,Receipt,MANUAL
JE100884,2024-01-01 14:24:00,SYS_BOT,6000-Expense,4400.0,Receipt,SYSTEM
JE100885,2024-01-01 14:24:00,MALI,5000-COGS,-42152.13,Adjustment,MANUAL
JE100886,2024-01-01 14:24:00,AR_CLERK,2000-AP,44.85,receipt,SYSTEM
JE100887,2024-01-01 14:25:00,JDOE,4000-Revenue,-10.63,adjustment,SYSTEM
JE100888,2024-01-01 14:25:00,MALI,2000-AP,33.38,Receipt,SYSTEM
JE100889,2024-01-01 14:25:00,AP_CLERK,1000-Cash,-23.57,payment,SYSTEM
JE100890,2024-01-01 14:25:00,JDOE,5000-COGS,-20.44,Adjustment,MANUAL
JE100891,2024-01-01 14:27:00,AP_CLERK,5000-COGS,17006.52,Adjustment,SYSTEM
JE100892,2024-01-01 14:28:00,AP_CLERK,4000-Revenue,-11.55,Accrual,MANUAL
JE100893,2024-01-01 14:29:00,SYS_BOT,2000-AP,16942.23,Reclass,UPLOAD
JE100894,2024-01-01 14:32:00,AP_CLERK,3000-AR,-34.28,adjustment,MANUAL
JE100895,2024-01-01 14:33:00,AP_CLERK,2000-AP,-4.57,Adjustment,SYSTEM
JE100896,2024-01-01 14:34:00,AKHAN,2000-AP,2400.0,Top-side,MANUAL
JE100897,2024-01-01 14:36:00,AR_CLERK,1000-Cash,16.2,Adjustment,MANUAL
JE100898,2024-01-01 14:36:00,AKHAN,5000-COGS,-32916.23,top-side,MANUAL
JE100899,2024-01-01 14:36:00,AP_CLERK,5000-COGS,33115.87,top-side,MANUAL
JE100900,2024-01-01 14:36:00,AP_CLERK,4000-Revenue,3.36,Misc,UPLOAD
JE100901,2024-01-06 03:59:00,JDOE,5000-COGS,-61.14,Manual override,SYSTEM
JE100902,2024-01-01 14:39:00,AP_CLERK,2000-AP,41.07,Top-side,MANUAL
JE100903,2024-01-01 14:39:00,AKHAN,6000-Expense,39.6,Top-side,SYSTEM
JE100904,2024-01-01 14:40:00,AR_CLERK,4000-Revenue,-27.27,Write-off,MANUAL
JE100905,2024-01-01 14:40:00,AP_CLERK,2000-AP,18351.5,manual override,MANUAL
JE100906,2024-01-01 14:42:00,AKHAN,4000-Revenue,-30.16,misc,SYSTEM
JE100907,2024-01-01 14:42:00,SYS_BOT,3000-AR,-18.11,Invoice,MANUAL
JE100908,2024-01-01 14:43:00,AKHAN,6000-Expense,30176.3,Accrual,SYSTEM
JE100909,2024-01-01 14:43:00,AR_CLERK,5000-COGS,-12.78,reclass,SYSTEM
JE100910,2024-01-01 14:44:00,SYS_BOT,1000-Cash,-32.55,Top-side,UPLOAD
JE100911,2024-01-06 03:55:00,JDOE,4000-Revenue,-2300.0,Invoice,SYSTEM
JE100912,2024-01-01 14:46:00,JDOE,1000-Cash,-44.22,Reclass,SYSTEM
JE100913,2024-01-01 14:47:00,SYS_BOT,4000-Revenue,119.72,Payment,MANUAL
JE100914,2024-01-01 14:49:00,AR_CLERK,6000-Expense,-44164.63,top-side,SYSTEM
JE100915,2024-01-01 14:50:00,AR_CLERK,2000-AP,16.82,Manual override,MANUAL
JE100916,2024-01-01 14:51:00,JDOE,4000-Revenue,112.53,Reclass,SYSTEM
JE100917,2024-01-01 14:51:00,SYS_BOT,3000-AR,31206.25,Write-off,SYSTEM
JE100918,2024-01-01 14:52:00,AR_CLERK,2000-AP,49.85,Misc,SYSTEM
JE100919,2024-01-01 14:52:00,MALI,6000-Expense,-26335.8,Write-off,SYSTEM
JE100920,2024-01-01 14:54:00,SYS_BOT,5000-COGS,-15.11,Write-off,SYSTEM
JE100921,2024-01-01 14:55:00,JDOE,2000-AP,-19.45,accrual,MANUAL
JE100922,2024-01-01 14:56:00,AP_CLERK,2000-AP,-19.0,Manual override,MANUAL
JE100923,2024-01-01 14:56:00,AR_CLERK,3000-AR,-31.23,payment,MANUAL
JE100924,2024-01-01 14:56:00,AP_CLERK,5000-COGS,-114.8,Write-off,SYSTEM
JE100925,2024-01-01 14:57:00,AR_CLERK,6000-Expense,11.63,manual override,SYSTEM
JE100926,2024-01-01 14:57:00,AR_CLERK,4000-Revenue,-28.14,manual override,SYSTEM
JE100927,2024-01-01 14:58:00,MALI,1000-Cash,19.04,Adjustment,SYSTEM
JE100928,2024-01-01 15:01:00,MALI,1000-Cash,-26.52,invoice,MANUAL
JE100929,2024-01-01 15:01:00,MALI,2000-AP,-12.88,misc,UPLOAD
JE100930,2024-01-01 15:01:00,MALI,5000-COGS,-21.21,Top-side,SYSTEM
JE100931,2024-01-01 15:01:00,AR_CLERK,2000-AP,-24.28,Payment,SYSTEM
JE100932,2024-01-01 15:02:00,AKHAN,4000-Revenue,27.4,Misc,SYSTEM
JE100933,2024-01-01 15:03:00,MALI,1000-Cash,4100.0,accrual,SYSTEM
JE100934,2024-01-01 15:04:00,SYS_BOT,3000-AR,1000.0,Receipt,SYSTEM
JE100935,2024-01-06 00:07:00,AKHAN,5000-COGS,-10.59,Receipt,UPLOAD
JE100936,2024-01-01 15:05:00,JDOE,5000-COGS,4700.0,Write-off,SYSTEM
JE100937,2024-01-01 15:06:00,SYS_BOT,1000-Cash,-50.39,Misc,SYSTEM
JE100938,2024-01-01 15:08:00,JDOE,2000-AP,-24.19,Manual override,SYSTEM
JE100939,2024-01-01 15:09:00,JDOE,2000-AP,-32.52,invoice,SYSTEM
JE100940,2024-01-01 15:09:00,JDOE,2000-AP,-26254.85,Accrual,SYSTEM
JE100941,2024-01-01 15:09:00,SYS_BOT,3000-AR,27.42,Receipt,SYSTEM
JE100942,2024-01-01 15:12:00,MALI,5000-COGS,-27.91,Payment,SYSTEM
JE100943,2024-01-01 15:14:00,AP_CLERK,2000-AP,-2100.0,Invoice,SYSTEM
JE100944,2024-01-01 15:15:00,AKHAN,2000-AP,45.76,invoice,SYSTEM
JE100945,2024-01-01 15:17:00,SYS_BOT,4000-Revenue,16000.0,Misc,UPLOAD
JE100946,2024-01-01 15:17:00,JDOE,5000-COGS,-48.84,Reclass,MANUAL
JE100947,2024-01-01 15:17:00,SYS_BOT,5000-COGS,19.98,misc,SYSTEM
JE100948,2024-01-01 15:17:00,AR_CLERK,2000-AP,-9.52,Accrual,MANUAL
JE100949,2024-01-01 15:20:00,JDOE,4000-Revenue,5.55,Write-off,UPLOAD
JE100950,2024-01-01 15:21:00,AR_CLERK,4000-Revenue,17.49,top-side,SYSTEM
JE100951,2024-01-01 15:21:00,JDOE,3000-AR,-22.13,Top-side,MANUAL
JE100952,2024-01-01 15:22:00,AR_CLERK,6000-Expense,-45.84,Manual override,UPLOAD
JE100953,2024-01-01 15:22:00,SYS_BOT,2000-AP,-3.79,Manual override,SYSTEM
JE100954,2024-01-06 02:53:00,SYS_BOT,4000-Revenue,-35.87,Accrual,SYSTEM
JE100955,2024-01-01 15:23:00,SYS_BOT,5000-COGS,-9.72,Top-side,UPLOAD
JE100956,2024-01-01 15:24:00,AP_CLERK,7000-Suspense,25.16,Payment,MANUAL
JE100957,2024-01-01 15:25:00,MALI,1000-Cash,34329.66,Misc,SYSTEM
JE100958,2024-01-01 15:26:00,AP_CLERK,5000-COGS,29.81,receipt,SYSTEM
JE100959,2024-01-01 15:26:00,AKHAN,3000-AR,14.86,Invoice,SYSTEM
JE100960,2024-01-01 15:27:00,JDOE,5000-COGS,2900.0,Manual override,SYSTEM
JE100961,2024-01-01 15:28:00,JDOE,4000-Revenue,32428.9,Payment,MANUAL
JE100962,2024-01-01 15:29:00,JDOE,5000-COGS,-23531.25,misc,SYSTEM
JE100963,2024-01-01 15:29:00,AP_CLERK,2000-AP,-4500.0,top-side,MANUAL
JE100964,2024-01-01 15:30:00,MALI,6000-Expense,9.06,misc,SYSTEM
JE100965,2024-01-01 15:32:00,AR_CLERK,3000-AR,-19000.0,Reclass,SYSTEM
JE100966,2024-01-01 15:33:00,MALI,6000-Expense,-25873.41,Top-side,MANUAL
JE100967,2024-01-01 15:34:00,SYS_BOT,3000-AR,-9.46,Payment,SYSTEM
JE100968,2024-01-01 15:35:00,SYS_BOT,2000-AP,5000.0,payment,UPLOAD
JE100969,2024-01-01 15:35:00,SYS_BOT,3000-AR,-28.87,Top-side,SYSTEM
JE100970,2024-01-01 15:35:00,AKHAN,5000-COGS,-26.2,top-side,SYSTEM
JE100971,2024-01-06 01:01:00,SYS_BOT,6000-Expense,6.67,Invoice,SYSTEM
JE100972,2024-01-01 15:35:00,AR_CLERK,4000-Revenue,4300.0,write-off,SYSTEM
JE100973,2024-01-01 15:35:00,AR_CLERK,3000-AR,10.77,Receipt,SYSTEM
JE100974,2024-01-01 15:35:00,AR_CLERK,6000-Expense,900.0,Reclass,SYSTEM
JE100975,2024-01-01 15:37:00,AP_CLERK,5000-COGS,35.15,Top-side,SYSTEM
JE100976,2024-01-01 15:40:00,MALI,3000-AR,-38.47,Payment,SYSTEM
JE100977,2024-01-01 15:42:00,AR_CLERK,4000-Revenue,-25.53,Write-off,SYSTEM
JE100978,2024-01-01 15:43:00,SYS_BOT,2000-AP,1500.0,Reclass,SYSTEM
JE100979,2024-01-01 15:44:00,AR_CLERK,4000-Revenue,-24899.06,Receipt,UPLOAD
JE100980,2024-01-01 15:46:00,SYS_BOT,3000-AR,-24.61,Manual override,SYSTEM
JE100981,2024-01-01 15:47:00,JDOE,2000-AP,2.8,reclass,MANUAL
JE100982,2024-01-01 15:48:00,SYS_BOT,1000-Cash,3400.0,Manual override,SYSTEM
JE100983,2024-01-01 15:48:00,MALI,2000-AP,13.02,Invoice,SYSTEM
JE100984,2024-01-01 15:49:00,SYS_BOT,5000-COGS,-15878.95,invoice,SYSTEM
JE100985,2024-01-01 15:49:00,AP_CLERK,5000-COGS,16.45,Adjustment,SYSTEM
JE100986,2024-01-01 15:49:00,AP_CLERK,3000-AR,-19000.44,Receipt,SYSTEM
JE100987,2024-01-01 15:50:00,JDOE,6000-Expense,-19.17,Top-side,UPLOAD
JE100988,2024-01-01 15:50:00,AR_CLERK,2000-AP,-34.26,invoice,SYSTEM
JE100989,2024-01-01 15:52:00,AR_CLERK,5000-COGS,43053.81,accrual,SYSTEM
JE100990,2024-01-01 15:53:00,AR_CLERK,5000-COGS,31.89,receipt,SYSTEM
JE100991,2024-01-01 15:53:00,JDOE,1000-Cash,2600.0,Top-side,MANUAL
JE100992,2024-01-01 15:54:00,AP_CLERK,6000-Expense,24.18,Reclass,MANUAL
JE100993,2024-01-01 15:55:00,AP_CLERK,5000-COGS,-10.85,Manual override,MANUAL
JE100994,2024-01-01 15:55:00,AP_CLERK,4000-Revenue,-20.77,Payment,MANUAL
JE100995,2024-01-01 15:56:00,SYS_BOT,4000-Revenue,-15.32,Payment,SYSTEM
JE100996,2024-01-01 15:59:00,JDOE,4000-Revenue,18.94,write-off,SYSTEM
JE100997,2024-01-01 16:00:00,MALI,4000-Revenue,1900.0,misc,UPLOAD
JE100998,2024-01-06 00:26:00,MALI,1000-Cash,24.23,Invoice,SYSTEM
JE100999,2024-01-01 16:01:00,MALI,3000-AR,1.92,receipt,SYSTEM
JE101000,2024-01-01 16:01:00,SYS_BOT,6000-Expense,-10.14,Misc,SYSTEM
JE101001,2024-01-01 16:02:00,JDOE,4000-Revenue,20.42,Manual override,SYSTEM
JE101002,2024-01-01 16:02:00,SYS_BOT,2000-AP,-23.74,Adjustment,SYSTEM
JE101003,2024-01-01 16:03:00,AKHAN,6000-Expense,600.0,Reclass,SYSTEM
JE101004,2024-01-01 16:06:00,AKHAN,3000-AR,-12.88,Payment,SYSTEM
JE101005,2024-01-01 16:08:00,AR_CLERK,2000-AP,30.29,Reclass,MANUAL
JE101006,2024-01-01 16:09:00,MALI,4000-Revenue,-40.52,adjustment,SYSTEM
JE101007,2024-01-06 01:04:00,AR_CLERK,2000-AP,-31162.31,Misc,SYSTEM
JE101008,2024-01-01 16:10:00,AR_CLERK,4000-Revenue,27.12,Top-side,SYSTEM
JE101009,2024-01-01 16:11:00,AP_CLERK,5000-COGS,82.98,Receipt,SYSTEM
JE101010,2024-01-01 16:13:00,AKHAN,2000-AP,-48.81,Invoice,SYSTEM
JE101011,2024-01-01 16:14:00,JDOE,3000-AR,4300.0,Invoice,UPLOAD
JE101012,2024-01-01 16:16:00,AR_CLERK,4000-Revenue,-34.97,top-side,SYSTEM
JE101013,2024-01-01 16:16:00,AR_CLERK,2000-AP,16.63,Reclass,UPLOAD
JE101014,2024-01-01 16:17:00,AKHAN,6000-Expense,-20.7,Invoice,UPLOAD
JE101015,2024-01-01 16:18:00,SYS_BOT,5000-COGS,-27.46,Adjustment,MANUAL
JE101016,2024-01-01 16:19:00,JDOE,2000-AP,22.73,Adjustment,UPLOAD
JE101017,2024-01-01 16:20:00,SYS_BOT,4000-Revenue,-1800.0,Manual override,MANUAL
JE101018,2024-01-01 16:21:00,AP_CLERK,4000-Revenue,47591.54,Write-off,MANUAL
JE101019,2024-01-01 16:22:00,SYS_BOT,3000-AR,-24.73,adjustment,SYSTEM
JE101020,2024-01-01 16:26:00,AR_CLERK,4000-Revenue,3100.0,Accrual,SYSTEM
JE101021,2024-01-01 16:27:00,MALI,3000-AR,33.71,Misc,MANUAL
JE101022,2024-01-01 16:27:00,AP_CLERK,3000-AR,14.55,Receipt,UPLOAD
JE101023,2024-01-06 00:37:00,SYS_BOT,3000-AR,79.5,misc,MANUAL
JE101024,2024-01-01 16:32:00,AR_CLERK,4000-Revenue,200.0,Reclass,SYSTEM
JE101025,2024-01-01 16:32:00,SYS_BOT,1000-Cash,20.33,Misc,MANUAL
JE101026,2024-01-01 16:32:00,AP_CLERK,4000-Revenue,14.49,Accrual,MANUAL
JE101027,2024-01-01 16:33:00,AR_CLERK,2000-AP,-6000.0,Accrual,SYSTEM
JE101028,2024-01-06 02:05:00,SYS_BOT,2000-AP,-55.9,reclass,MANUAL
JE101029,2024-01-01 16:44:00,MALI,6000-Expense,-114.95,Payment,MANUAL
JE101030,2024-01-01 16:45:00,AR_CLERK,2000-AP,3600.0,Manual override,SYSTEM
JE101031,2024-01-01 16:46:00,JDOE,4000-Revenue,11.38,Adjustment,MANUAL
JE101032,2024-01-01 16:46:00,SYS_BOT,2000-AP,26.85,Invoice,SYSTEM
JE101033,2024-01-01 16:46:00,MALI,7000-Suspense,-9.24,invoice,SYSTEM
JE101034,2024-01-01 16:47:00,SYS_BOT,7000-Suspense,38911.65,adjustment,MANUAL
JE101035,2024-01-01 16:51:00,AR_CLERK,3000-AR,13631.82,Adjustment,SYSTEM
JE101036,2024-01-01 16:52:00,SYS_BOT,6000-Expense,-48595.27,Adjustment,SYSTEM
JE101037,2024-01-01 16:52:00,SYS_BOT,6000-Expense,-22.29,Accrual,SYSTEM
JE101038,2024-01-01 16:55:00,SYS_BOT,2000-AP,55.05,Accrual,UPLOAD
JE101039,2024-01-01 16:56:00,AR_CLERK,3000-AR,26.5,Adjustment,SYSTEM
JE101040,2024-01-01 16:58:00,SYS_BOT,2000-AP,-42.95,Misc,SYSTEM
JE101041,2024-01-06 23:36:00,AR_CLERK,2000-AP,4500.0,reclass,SYSTEM
JE101042,2024-01-01 17:04:00,JDOE,4000-Revenue,7157.44,misc,MANUAL
JE101043,2024-01-01 17:07:00,SYS_BOT,4000-Revenue,-19.82,Reclass,SYSTEM
JE101044,2024-01-01 17:07:00,AKHAN,3000-AR,27.65,Payment,SYSTEM
JE101045,2024-01-01 17:12:00,SYS_BOT,2000-AP,-24730.6,receipt,SYSTEM
JE101046,2024-01-01 17:12:00,JDOE,4000-Revenue,17442.71,Payment,SYSTEM
JE101047,2024-01-01 17:13:00,AKHAN,6000-Expense,-14.01,Payment,SYSTEM
JE101048,2024-01-01 17:14:00,JDOE,3000-AR,-16689.79,Misc,SYSTEM
JE101049,2024-01-01 17:15:00,SYS_BOT,5000-COGS,-30.31,reclass,MANUAL
JE101050,2024-01-01 17:16:00,SYS_BOT,2000-AP,3300.0,Manual override,SYSTEM
JE101051,2024-01-01 17:19:00,SYS_BOT,5000-COGS,-45992.67,invoice,SYSTEM
JE101052,2024-01-01 17:20:00,SYS_BOT,4000-Revenue,-22.53,Invoice,MANUAL
JE101053,2024-01-01 17:20:00,AR_CLERK,6000-Expense,-7.36,Misc,SYSTEM
JE101054,2024-01-01 17:22:00,MALI,1000-Cash,-33.58,Misc,SYSTEM
JE101055,2024-01-01 17:22:00,AP_CLERK,4000-Revenue,4.44,Adjustment,SYSTEM
JE101056,2024-01-01 17:27:00,AKHAN,3000-AR,18.34,manual override,SYSTEM
JE101057,2024-01-01 17:31:00,AP_CLERK,3000-AR,61.44,Top-side,SYSTEM
JE101058,2024-01-01 17:31:00,MALI,3000-AR,-24465.49,Reclass,SYSTEM
JE101059,2024-01-01 17:32:00,AR_CLERK,6000-Expense,-1.26,Payment,SYSTEM
JE101060,2024-01-01 17:39:00,SYS_BOT,2000-AP,-44.57,Payment,SYSTEM
JE101061,2024-01-01 17:39:00,SYS_BOT,4000-Revenue,500.0,Receipt,SYSTEM
JE101062,2024-01-01 17:40:00,SYS_BOT,1000-Cash,-46768.56,Top-side,SYSTEM
JE101063,2024-01-01 17:41:00,SYS_BOT,6000-Expense,-33.61,Write-off,MANUAL
JE101064,2024-01-01 17:41:00,MALI,6000-Expense,15.17,Payment,SYSTEM
JE101065,2024-01-01 17:43:00,AKHAN,5000-COGS,-26.26,Write-off,SYSTEM
JE101066,2024-01-01 17:44:00,SYS_BOT,4000-Revenue,-23.68,Top-side,SYSTEM
JE101067,2024-01-01 17:47:00,JDOE,3000-AR,-800.0,Reclass,MANUAL
JE101068,2024-01-01 17:47:00,AR_CLERK,3000-AR,25.08,adjustment,MANUAL
JE101069,2024-01-01 17:48:00,SYS_BOT,4000-Revenue,-35.71,Receipt,SYSTEM
JE101070,2024-01-01 17:53:00,MALI,4000-Revenue,30.9,Manual override,MANUAL
JE101071,2024-01-01 17:54:00,AP_CLERK,6000-Expense,-54.67,Adjustment,UPLOAD
JE101072,2024-01-01 17:54:00,JDOE,3000-AR,-13.15,Payment,UPLOAD
JE101073,2024-01-01 17:55:00,AP_CLERK,6000-Expense,3500.0,top-side,SYSTEM
JE101074,2024-01-01 17:56:00,AR_CLERK,3000-AR,-57.89,Write-off,MANUAL
JE101075,2024-01-01 17:57:00,MALI,2000-AP,62.92,payment,SYSTEM
JE101076,2024-01-01 17:58:00,AKHAN,2000-AP,-45.83,adjustment,SYSTEM
JE101077,2024-01-01 17:58:00,AP_CLERK,2000-AP,-52.9,payment,SYSTEM
JE101078,2024-01-01 18:00:00,JDOE,6000-Expense,700.0,Misc,MANUAL
JE101079,2024-01-01 18:00:00,AR_CLERK,6000-Expense,-18.73,Top-side,MANUAL
JE101080,2024-01-01 18:01:00,AP_CLERK,5000-COGS,2700.0,Payment,SYSTEM
JE101081,2024-01-01 18:01:00,AR_CLERK,3000-AR,-5740.38,Write-off,MANUAL
JE101082,2024-01-01 18:02:00,AP_CLERK,2000-AP,-62.25,misc,SYSTEM
JE101083,2024-01-01 18:11:00,AKHAN,3000-AR,-33.65,Top-side,MANUAL
JE101084,2024-01-01 18:17:00,AP_CLERK,5000-COGS,16.96,accrual,SYSTEM
JE101085,2024-01-06 23:45:00,SYS_BOT,2000-AP,-30.72,Manual override,SYSTEM
JE101086,2024-01-01 18:19:00,MALI,4000-Revenue,-44145.65,Accrual,SYSTEM
JE101087,2024-01-01 18:24:00,SYS_BOT,3000-AR,-6.53,Write-off,SYSTEM
JE101088,2024-01-01 18:25:00,JDOE,5000-COGS,70.6,payment,SYSTEM
JE101089,2024-01-01 18:28:00,MALI,4000-Revenue,-10.77,Invoice,SYSTEM
JE101090,2024-01-01 18:30:00,AKHAN,2000-AP,-65.82,Invoice,SYSTEM
JE101091,2024-01-01 18:35:00,MALI,3000-AR,-46.58,Invoice,MANUAL
JE101092,2024-01-01 18:35:00,AP_CLERK,6000-Expense,13.22,Accrual,SYSTEM
JE101093,2024-01-01 18:35:00,AP_CLERK,6000-Expense,-71.74,Write-off,SYSTEM
JE101094,2024-01-01 18:36:00,JDOE,4000-Revenue,-21.1,Adjustment,MANUAL
JE101095,2024-01-01 18:37:00,SYS_BOT,6000-Expense,4900.0,adjustment,UPLOAD
JE101096,2024-01-01 18:39:00,MALI,2000-AP,12000.0,top-side,MANUAL
JE101097,2024-01-01 18:40:00,JDOE,3000-AR,55.65,accrual,SYSTEM
JE101098,2024-01-01 18:40:00,JDOE,4000-Revenue,6292.71,Manual override,MANUAL
JE101099,2024-01-01 18:45:00,JDOE,1000-Cash,-18.72,adjustment,SYSTEM
JE101100,2024-01-01 18:47:00,AR_CLERK,4000-Revenue,-3100.0,Accrual,SYSTEM
JE101101,2024-01-01 18:48:00,SYS_BOT,6000-Expense,3600.0,Manual override,MANUAL
JE101102,2024-01-01 18:52:00,SYS_BOT,2000-AP,9000.0,Invoice,SYSTEM
JE101103,2024-01-01 18:54:00,AP_CLERK,1000-Cash,-89.52,Invoice,MANUAL
JE101104,2024-01-01 18:54:00,SYS_BOT,4000-Revenue,22935.94,invoice,MANUAL
JE101105,2024-01-01 18:55:00,JDOE,5000-COGS,31.06,Invoice,SYSTEM
JE101106,2024-01-01 18:56:00,SYS_BOT,2000-AP,-27.33,top-side,UPLOAD
JE101107,2024-01-01 18:57:00,MALI,3000-AR,-14.87,Write-off,SYSTEM
JE101108,2024-01-01 19:02:00,SYS_BOT,3000-AR,21.39,Reclass,MANUAL
JE101109,2024-01-01 19:05:00,AP_CLERK,1000-Cash,15147.56,Misc,UPLOAD
JE101110,2024-01-01 19:10:00,AKHAN,5000-COGS,-14.31,Misc,SYSTEM
JE101111,2024-01-01 19:13:00,JDOE,2000-AP,25.39,Top-side,SYSTEM
JE101112,2024-01-01 19:13:00,AR_CLERK,5000-COGS,28.15,Manual override,SYSTEM
JE101113,2024-01-01 19:14:00,AKHAN,4000-Revenue,46.29,misc,SYSTEM
JE101114,2024-01-01 19:18:00,AR_CLERK,2000-AP,24.4,Write-off,UPLOAD
JE101115,2024-01-01 19:26:00,SYS_BOT,5000-COGS,17.97,Misc,UPLOAD
JE101116,2024-01-01 19:26:00,MALI,2000-AP,41.26,reclass,MANUAL
JE101117,2024-01-01 19:28:00,MALI,4000-Revenue,-30.95,Manual override,SYSTEM
JE101118,2024-01-06 23:27:00,AKHAN,1000-Cash,-45.81,Accrual,MANUAL
JE101119,2024-01-01 19:41:00,AP_CLERK,4000-Revenue,39.62,manual override,SYSTEM
JE101120,2024-01-01 19:42:00,AR_CLERK,3000-AR,15.9,adjustment,MANUAL
JE101121,2024-01-01 19:43:00,SYS_BOT,4000-Revenue,-10.47,Receipt,MANUAL
JE101122,2024-01-01 19:46:00,SYS_BOT,5000-COGS,-11.29,Manual override,SYSTEM
JE101123,2024-01-01 19:49:00,MALI,5000-COGS,-5000.0,Adjustment,SYSTEM
JE101124,2024-01-01 19:50:00,AR_CLERK,1000-Cash,4100.0,Receipt,MANUAL
JE101125,2024-01-01 19:55:00,AP_CLERK,2000-AP,27.29,Adjustment,MANUAL
JE101126,2024-01-01 19:56:00,AKHAN,7000-Suspense,59.54,Reclass,MANUAL
JE101127,2024-01-01 19:56:00,AR_CLERK,3000-AR,37760.27,Adjustment,SYSTEM
JE101128,2024-01-01 19:56:00,JDOE,6000-Expense,27.67,Manual override,SYSTEM
JE101129,2024-01-01 19:59:00,SYS_BOT,4000-Revenue,-14000.0,Invoice,SYSTEM
JE101130,2024-01-01 20:03:00,AR_CLERK,5000-COGS,40.17,Invoice,UPLOAD
JE101131,2024-01-01 20:04:00,AR_CLERK,1000-Cash,-38.32,Accrual,SYSTEM
JE101132,2024-01-01 20:07:00,AP_CLERK,4000-Revenue,2.81,Invoice,SYSTEM
JE101133,2024-01-01 20:09:00,SYS_BOT,5000-COGS,2.92,Write-off,MANUAL
JE101134,2024-01-01 20:11:00,MALI,3000-AR,-16.5,Misc,SYSTEM
JE101135,2024-01-01 20:17:00,AKHAN,5000-COGS,14656.51,Manual override,MANUAL
JE101136,2024-01-01 20:22:00,JDOE,6000-Expense,88.09,manual override,SYSTEM
JE101137,2024-01-06 23:52:00,AP_CLERK,6000-Expense,21.19,top-side,MANUAL
JE101138,2024-01-01 20:36:00,JDOE,2000-AP,42.25,adjustment,UPLOAD
JE101139,2024-01-01 20:41:00,AR_CLERK,6000-Expense,-35.09,Accrual,MANUAL
JE101140,2024-01-01 20:45:00,SYS_BOT,4000-Revenue,-16.93,misc,MANUAL
JE101141,2024-01-01 20:51:00,JDOE,2000-AP,-49105.56,Payment,SYSTEM
JE101142,2024-01-01 20:59:00,JDOE,5000-COGS,-4300.0,adjustment,MANUAL
JE101143,2024-01-01 20:59:00,MALI,2000-AP,-20.84,top-side,SYSTEM
JE101144,2024-01-01 21:01:00,AKHAN,3000-AR,4900.0,Adjustment,SYSTEM
JE101145,2024-01-01 21:05:00,SYS_BOT,3000-AR,-75.0,Top-side,SYSTEM
JE101146,2024-01-01 21:08:00,AP_CLERK,4000-Revenue,11.82,Receipt,SYSTEM
JE101147,2024-01-01 21:12:00,SYS_BOT,2000-AP,5.59,Write-off,MANUAL
JE101148,2024-01-01 21:24:00,SYS_BOT,6000-Expense,49.0,Reclass,MANUAL
JE101149,2024-01-01 21:25:00,AR_CLERK,6000-Expense,-33.07,reclass,SYSTEM
JE101150,2024-01-01 21:26:00,AP_CLERK,3000-AR,13.72,Payment,MANUAL
JE101151,2024-01-01 21:26:00,SYS_BOT,6000-Expense,-7.41,Adjustment,SYSTEM
JE101152,2024-01-01 21:27:00,JDOE,1000-Cash,1000.0,top-side,SYSTEM
JE101153,2024-01-01 21:30:00,MALI,2000-AP,-74.58,top-side,MANUAL
JE101154,2024-01-01 21:32:00,AKHAN,5000-COGS,18.78,Misc,SYSTEM
JE101155,2024-01-01 21:46:00,SYS_BOT,2000-AP,-79.08,Receipt,MANUAL
JE101156,2024-01-01 21:53:00,AP_CLERK,2000-AP,-21.37,Accrual,MANUAL
JE101157,2024-01-01 21:53:00,SYS_BOT,1000-Cash,-11.24,Payment,SYSTEM
JE101158,2024-01-01 21:57:00,AR_CLERK,3000-AR,-59.45,adjustment,MANUAL
JE101159,2024-01-01 21:57:00,MALI,1000-Cash,-7954.51,Invoice,SYSTEM
JE101160,2024-01-01 22:01:00,SYS_BOT,4000-Revenue,44.74,payment,MANUAL
JE101161,2024-01-01 22:21:00,AKHAN,1000-Cash,-4700.0,Top-side,SYSTEM
JE101162,2024-01-01 22:23:00,AR_CLERK,3000-AR,16.68,Accrual,MANUAL
JE101163,2024-01-01 22:24:00,AR_CLERK,6000-Expense,-56.46,Invoice,MANUAL
JE101164,2024-01-01 22:49:00,AKHAN,4000-Revenue,-13.37,Accrual,SYSTEM
JE101165,2024-01-01 22:55:00,AP_CLERK,3000-AR,-40.47,Payment,MANUAL
JE101166,2024-01-01 22:55:00,AP_CLERK,2000-AP,-45.52,invoice,SYSTEM
JE101167,2024-01-01 22:58:00,AKHAN,6000-Expense,39.97,Invoice,MANUAL
JE101168,2024-01-06 23:33:00,SYS_BOT,1000-Cash,-4.61,Manual override,SYSTEM
JE101169,2024-01-01 23:12:00,SYS_BOT,4000-Revenue,-800.0,Invoice,SYSTEM
JE101170,2024-01-01 23:14:00,AR_CLERK,3000-AR,4700.0,Payment,UPLOAD
JE101171,2024-01-01 23:31:00,AR_CLERK,5000-COGS,2400.0,Adjustment,MANUAL
JE101172,2024-01-01 23:34:00,AP_CLERK,4000-Revenue,-500.0,Top-side,SYSTEM
JE101173,2024-01-01 23:37:00,AP_CLERK,6000-Expense,-17.65,Reclass,SYSTEM
JE101174,2024-01-01 23:40:00,MALI,6000-Expense,-34.26,Misc,SYSTEM
JE101175,2024-01-01 23:46:00,AR_CLERK,5000-COGS,11.16,Payment,MANUAL
JE101176,2024-01-01 23:55:00,AP_CLERK,4000-Revenue,-24.59,Invoice,SYSTEM
JE101177,2024-01-02 00:15:00,AKHAN,4000-Revenue,-53.46,Receipt,SYSTEM
JE101178,2024-01-02 00:53:00,AKHAN,6000-Expense,-47943.7,write-off,SYSTEM
JE101179,2024-01-02 00:53:00,JDOE,5000-COGS,3000.0,Invoice,SYSTEM
JE101180,2024-01-02 00:58:00,MALI,5000-COGS,-15.29,Reclass,MANUAL
JE101181,2024-01-02 01:01:00,SYS_BOT,6000-Expense,25.27,Reclass,MANUAL
JE101182,2024-01-02 01:03:00,AR_CLERK,3000-AR,4.64,Payment,SYSTEM
JE101183,2024-01-02 01:23:00,AKHAN,6000-Expense,-16.8,invoice,SYSTEM
JE101184,2024-01-02 01:30:00,MALI,5000-COGS,-18.79,Top-side,SYSTEM
JE101185,2024-01-02 01:51:00,SYS_BOT,3000-AR,38411.3,Misc,SYSTEM
JE101186,2024-01-02 01:56:00,AKHAN,5000-COGS,3500.0,Payment,MANUAL
JE101187,2024-01-02 02:26:00,AP_CLERK,2000-AP,-2300.0,Receipt,MANUAL
JE101188,2024-01-02 02:54:00,AR_CLERK,1000-Cash,5086.07,Top-side,SYSTEM
JE101189,2024-01-02 03:15:00,AKHAN,6000-Expense,-42.79,Payment,MANUAL
JE101190,2024-01-02 03:18:00,AKHAN,6000-Expense,-26.25,Write-off,SYSTEM
JE101191,2024-01-02 03:23:00,SYS_BOT,3000-AR,-13.44,Payment,SYSTEM
JE101192,2024-01-02 04:13:00,AP_CLERK,3000-AR,6.08,Accrual,SYSTEM
JE101193,2024-01-02 04:30:00,MALI,2000-AP,-12.41,Payment,MANUAL
JE101194,2024-01-02 04:34:00,JDOE,6000-Expense,-4200.0,reclass,MANUAL
JE101195,2024-01-02 04:36:00,JDOE,2000-AP,19.34,Payment,MANUAL
JE101196,2024-01-02 05:06:00,AP_CLERK,4000-Revenue,11.55,Invoice,SYSTEM
JE101197,2024-01-02 08:47:00,AR_CLERK,6000-Expense,-48.61,Top-side,MANUAL
JE101198,2024-01-02 13:33:00,AP_CLERK,3000-AR,13.35,Write-off,SYSTEM
JE101199,2024-01-06 01:13:00,SYS_BOT,6000-Expense,56.77,invoice,UPLOAD
JE101178,2024-01-02 00:53:00,AKHAN,6000-Expense,-47943.7,write-off,SYSTEM
JE100865,2024-01-01 14:07:00,MALI,4000-Revenue,-5717.1,Adjustment,SYSTEM
JE100101,2024-01-01 09:19:00,AKHAN,3000-AR,11000.0,Manual override,SYSTEM
JE100439,2024-01-01 10:46:00,JDOE,6000-Expense,12.83,Payment,SYSTEM
JE100058,2024-01-01 09:12:00,JDOE,3000-AR,-10.39,Reclass,SYSTEM
JE101120,2024-01-01 19:42:00,AR_CLERK,3000-AR,15.9,adjustment,MANUAL
JE100323,2024-01-01 10:13:00,JDOE,6000-Expense,33.97,Top-side,SYSTEM
JE100974,2024-01-01 15:35:00,AR_CLERK,6000-Expense,900.0,Reclass,SYSTEM
JE100411,2024-01-01 10:36:00,JDOE,3000-AR,18.84,Misc,SYSTEM
JE100855,2024-01-01 13:59:00,MALI,3000-AR,3400.0,Misc,UPLOAD
JE100820,2024-01-01 13:35:00,SYS_BOT,5000-COGS,-20.83,adjustment,SYSTEM
JE100044,2024-01-01 09:09:00,AR_CLERK,4000-Revenue,-4700.0,Manual override,SYSTEM
